date,f
2017-01-01,-0.038648721428571425
2017-01-02,-0.03749698571428571
2017-01-03,-0.036345249999999996
2017-01-04,-0.033397028571428566
2017-01-05,-0.03044880714285714
2017-01-06,-0.02750058571428571
2017-01-07,-0.024552364285714286
2017-01-08,-0.021604142857142856
2017-01-09,-0.018655921428571427
2017-01-10,-0.015707699999999998
2017-01-11,-0.012148014999999998
2017-01-12,-0.008588329999999998
2017-01-13,-0.005028644999999998
2017-01-14,-0.0014689599999999983
2017-01-15,0.0020907250000000016
2017-01-16,0.0056504100000000015
2017-01-17,0.009210095000000001
2017-01-18,0.010943174285714287
2017-01-19,0.012676253571428573
2017-01-20,0.014409332857142857
2017-01-21,0.016142412142857145
2017-01-22,0.01787549142857143
2017-01-23,0.019608570714285713
2017-01-24,0.02134165
2017-01-25,0.019376339285714285
2017-01-26,0.017411028571428573
2017-01-27,0.015445717857142858
2017-01-28,0.013480407142857144
2017-01-29,0.011515096428571429
2017-01-30,0.009549785714285716
2017-01-31,0.007584475
2017-02-01,0.00866915
2017-02-02,0.009753825
2017-02-03,0.010838500000000001
2017-02-04,0.011923175000000001
2017-02-05,0.013007850000000001
2017-02-06,0.014092525
2017-02-07,0.0151772
2017-02-08,0.014211506428571429
2017-02-09,0.013245812857142858
2017-02-10,0.012280119285714286
2017-02-11,0.011314425714285713
2017-02-12,0.010348732142857142
2017-02-13,0.009383038571428571
2017-02-14,0.008417345
2017-02-15,0.009582224285714286
2017-02-16,0.01074710357142857
2017-02-17,0.011911982857142856
2017-02-18,0.013076862142857141
2017-02-19,0.014241741428571427
2017-02-20,0.015406620714285713
2017-02-21,0.0165715
2017-02-22,0.016629599999999998
2017-02-23,0.0166877
2017-02-24,0.016745799999999998
2017-02-25,0.0168039
2017-02-26,0.016862
2017-02-27,0.0169201
2017-02-28,0.0169782
2017-03-01,0.018050135714285712
2017-03-02,0.019122071428571426
2017-03-03,0.020194007142857143
2017-03-04,0.021265942857142856
2017-03-05,0.02233787857142857
2017-03-06,0.023409814285714287
2017-03-07,0.02448175
2017-03-08,0.02486112857142857
2017-03-09,0.02524050714285714
2017-03-10,0.025619885714285712
2017-03-11,0.025999264285714287
2017-03-12,0.026378642857142857
2017-03-13,0.026758021428571428
2017-03-14,0.0271374
2017-03-15,0.025569457142857143
2017-03-16,0.024001514285714284
2017-03-17,0.022433571428571428
2017-03-18,0.02086562857142857
2017-03-19,0.019297685714285712
2017-03-20,0.017729742857142856
2017-03-21,0.016161799999999997
2017-03-22,0.016810042857142854
2017-03-23,0.017458285714285714
2017-03-24,0.01810652857142857
2017-03-25,0.01875477142857143
2017-03-26,0.01940301428571429
2017-03-27,0.020051257142857146
2017-03-28,0.020699500000000003
2017-03-29,0.02034412142857143
2017-03-30,0.01998874285714286
2017-03-31,0.01963336428571429
2017-04-01,0.019277985714285715
2017-04-02,0.018922607142857144
2017-04-03,0.018567228571428573
2017-04-04,0.01821185
2017-04-05,0.015785802142857144
2017-04-06,0.013359754285714287
2017-04-07,0.01093370642857143
2017-04-08,0.008507658571428572
2017-04-09,0.006081610714285715
2017-04-10,0.0036555628571428578
2017-04-11,0.001229515
2017-04-12,0.0016091192857142858
2017-04-13,0.0019887235714285715
2017-04-14,0.002368327857142857
2017-04-15,0.0027479321428571426
2017-04-16,0.0031275364285714286
2017-04-17,0.003507140714285714
2017-04-18,0.003886745
2017-04-19,0.00412755
2017-04-20,0.004368355
2017-04-21,0.00460916
2017-04-22,0.004849965
2017-04-23,0.00509077
2017-04-24,0.005331575
2017-04-25,0.00557238
2017-04-26,0.00622654
2017-04-27,0.0068807
2017-04-28,0.007534860000000001
2017-04-29,0.00818902
2017-04-30,0.00884318
2017-05-01,0.00949734
2017-05-02,0.0101515
2017-05-03,0.010795478571428572
2017-05-04,0.011439457142857143
2017-05-05,0.012083435714285714
2017-05-06,0.012727414285714285
2017-05-07,0.013371392857142858
2017-05-08,0.014015371428571429
2017-05-09,0.01465935
2017-05-10,0.013422582142857143
2017-05-11,0.012185814285714285
2017-05-12,0.010949046428571429
2017-05-13,0.009712278571428572
2017-05-14,0.008475510714285714
2017-05-15,0.007238742857142857
2017-05-16,0.006001975
2017-05-17,0.006444854285714285
2017-05-18,0.006887733571428571
2017-05-19,0.007330612857142857
2017-05-20,0.007773492142857143
2017-05-21,0.008216371428571428
2017-05-22,0.008659250714285714
2017-05-23,0.00910213
2017-05-24,0.008628668571428572
2017-05-25,0.008155207142857142
2017-05-26,0.007681745714285714
2017-05-27,0.007208284285714286
2017-05-28,0.006734822857142857
2017-05-29,0.006261361428571429
2017-05-30,0.0057879
2017-05-31,0.006757592857142857
2017-06-01,0.007727285714285714
2017-06-02,0.008696978571428572
2017-06-03,0.009666671428571428
2017-06-04,0.010636364285714286
2017-06-05,0.011606057142857142
2017-06-06,0.01257575
2017-06-07,0.010065882142857143
2017-06-08,0.007556014285714286
2017-06-09,0.005046146428571429
2017-06-10,0.0025362785714285723
2017-06-11,2.6410714285714926e-5
2017-06-12,-0.0024834571428571425
2017-06-13,-0.004993325
2017-06-14,-0.0039330014285714286
2017-06-15,-0.0028726778571428573
2017-06-16,-0.001812354285714286
2017-06-17,-7.520307142857147e-4
2017-06-18,3.082928571428575e-4
2017-06-19,0.001368616428571428
2017-06-20,0.00242894
2017-06-21,0.002065339285714286
2017-06-22,0.0017017385714285715
2017-06-23,0.0013381378571428572
2017-06-24,9.745371428571429e-4
2017-06-25,6.109364285714286e-4
2017-06-26,2.4733571428571435e-4
2017-06-27,-1.16265e-4
2017-06-28,-9.4692e-4
2017-06-29,-0.0017775749999999998
2017-06-30,-0.0026082299999999996
2017-07-01,-0.0034388849999999996
2017-07-02,-0.00426954
2017-07-03,-0.005100194999999999
2017-07-04,-0.00593085
2017-07-05,-0.005387193571428571
2017-07-06,-0.004843537142857143
2017-07-07,-0.004299880714285715
2017-07-08,-0.003756224285714286
2017-07-09,-0.003212567857142857
2017-07-10,-0.0026689114285714287
2017-07-11,-0.002125255
2017-07-12,-7.650914285714286e-4
2017-07-13,5.950721428571427e-4
2017-07-14,0.001955235714285714
2017-07-15,0.0033153992857142853
2017-07-16,0.004675562857142858
2017-07-17,0.006035726428571428
2017-07-18,0.0073958900000000004
2017-07-19,0.0041061485714285716
2017-07-20,8.164071428571427e-4
2017-07-21,-0.002473334285714286
2017-07-22,-0.005763075714285715
2017-07-23,-0.009052817142857146
2017-07-24,-0.012342558571428573
2017-07-25,-0.015632300000000002
2017-07-26,-0.01546182142857143
2017-07-27,-0.015291342857142858
2017-07-28,-0.015120864285714287
2017-07-29,-0.014950385714285714
2017-07-30,-0.014779907142857143
2017-07-31,-0.014609428571428572
2017-08-01,-0.014438949999999999
2017-08-02,-0.012507140571428571
2017-08-03,-0.010575331142857143
2017-08-04,-0.008643521714285715
2017-08-05,-0.0067117122857142855
2017-08-06,-0.004779902857142856
2017-08-07,-0.0028480934285714295
2017-08-08,-9.16284e-4
2017-08-09,-0.0018736577142857143
2017-08-10,-0.0028310314285714287
2017-08-11,-0.0037884051428571427
2017-08-12,-0.0047457788571428575
2017-08-13,-0.0057031525714285715
2017-08-14,-0.0066605262857142855
2017-08-15,-0.0076179
2017-08-16,-0.007732862857142858
2017-08-17,-0.007847825714285715
2017-08-18,-0.007962788571428571
2017-08-19,-0.00807775142857143
2017-08-20,-0.008192714285714286
2017-08-21,-0.008307677142857144
2017-08-22,-0.00842264
2017-08-23,-0.006128495714285715
2017-08-24,-0.00383435142857143
2017-08-25,-0.0015402071428571446
2017-08-26,7.539371428571407e-4
2017-08-27,0.0030480814285714277
2017-08-28,0.005342225714285711
2017-08-29,0.00763637
2017-08-30,0.006261609285714286
2017-08-31,0.004886848571428572
2017-09-01,0.0035120878571428572
2017-09-02,0.0021373271428571433
2017-09-03,7.625664285714285e-4
2017-09-04,-6.121942857142855e-4
2017-09-05,-0.001986955
2017-09-06,-0.0021178414285714284
2017-09-07,-0.002248727857142857
2017-09-08,-0.0023796142857142855
2017-09-09,-0.0025105007142857145
2017-09-10,-0.002641387142857143
2017-09-11,-0.0027722735714285716
2017-09-12,-0.00290316
2017-09-13,-8.61337142857143e-4
2017-09-14,0.0011804857142857141
2017-09-15,0.0032223085714285712
2017-09-16,0.005264131428571428
2017-09-17,0.0073059542857142855
2017-09-18,0.009347777142857143
2017-09-19,0.0113896
2017-09-20,0.013600214285714285
2017-09-21,0.01581082857142857
2017-09-22,0.018021442857142855
2017-09-23,0.02023205714285714
2017-09-24,0.02244267142857143
2017-09-25,0.02465328571428571
2017-09-26,0.0268639
2017-09-27,0.027870492857142857
2017-09-28,0.028877085714285714
2017-09-29,0.029883678571428568
2017-09-30,0.030890271428571425
2017-10-01,0.03189686428571428
2017-10-02,0.03290345714285714
2017-10-03,0.03391005
2017-10-04,0.03411695714285714
2017-10-05,0.03432386428571428
2017-10-06,0.03453077142857142
2017-10-07,0.03473767857142857
2017-10-08,0.034944585714285714
2017-10-09,0.035151492857142856
2017-10-10,0.0353584
2017-10-11,0.038744021428571425
2017-10-12,0.04212964285714286
2017-10-13,0.045515264285714285
2017-10-14,0.04890088571428572
2017-10-15,0.052286507142857146
2017-10-16,0.05567212857142857
2017-10-17,0.059057750000000006
2017-10-18,0.061462300000000004
2017-10-19,0.06386685
2017-10-20,0.06627140000000001
2017-10-21,0.06867595
2017-10-22,0.0710805
2017-10-23,0.07348505
2017-10-24,0.0758896
2017-10-25,0.07655485
2017-10-26,0.0772201
2017-10-27,0.07788534999999999
2017-10-28,0.0785506
2017-10-29,0.07921584999999999
2017-10-30,0.0798811
2017-10-31,0.08054634999999999
2017-11-01,0.08124892857142856
2017-11-02,0.08195150714285714
2017-11-03,0.0826540857142857
2017-11-04,0.08335666428571428
2017-11-05,0.08405924285714285
2017-11-06,0.08476182142857143
2017-11-07,0.0854644
2017-11-08,0.08633178571428571
2017-11-09,0.08719917142857143
2017-11-10,0.08806655714285715
2017-11-11,0.08893394285714286
2017-11-12,0.08980132857142857
2017-11-13,0.0906687142857143
2017-11-14,0.09153610000000001
2017-11-15,0.09207824285714286
2017-11-16,0.09262038571428573
2017-11-17,0.09316252857142858
2017-11-18,0.09370467142857143
2017-11-19,0.09424681428571428
2017-11-20,0.09478895714285715
2017-11-21,0.0953311
2017-11-22,0.09772951428571429
2017-11-23,0.10012792857142858
2017-11-24,0.10252634285714286
2017-11-25,0.10492475714285714
2017-11-26,0.10732317142857142
2017-11-27,0.10972158571428571
2017-11-28,0.11212
2017-11-29,0.11124885714285714
2017-11-30,0.11037771428571429
2017-12-01,0.10950657142857143
2017-12-02,0.10863542857142858
2017-12-03,0.10776428571428572
2017-12-04,0.10689314285714287
2017-12-05,0.106022
2017-12-06,0.10547742857142857
2017-12-07,0.10493285714285715
2017-12-08,0.10438828571428571
2017-12-09,0.10384371428571429
2017-12-10,0.10329914285714285
2017-12-11,0.10275457142857143
2017-12-12,0.10221
2017-12-13,0.10202621428571428
2017-12-14,0.10184242857142857
2017-12-15,0.10165864285714285
2017-12-16,0.10147485714285714
2017-12-17,0.10129107142857142
2017-12-18,0.10110728571428572
2017-12-19,0.1009235
2017-12-20,0.10115007142857142
2017-12-21,0.10137664285714286
2017-12-22,0.10160321428571428
2017-12-23,0.10182978571428572
2017-12-24,0.10205635714285714
2017-12-25,0.10228292857142858
2017-12-26,0.1025095
2017-12-27,0.10072976428571428
2017-12-28,0.09895002857142858
2017-12-29,0.09717029285714286
2017-12-30,0.09539055714285714
2017-12-31,0.09361082142857143
2018-01-01,0.09183108571428572
2018-01-02,0.09005135
2018-01-03,0.09067117142857144
2018-01-04,0.09129099285714286
2018-01-05,0.09191081428571429
2018-01-06,0.09253063571428571
2018-01-07,0.09315045714285715
2018-01-08,0.09377027857142857
2018-01-09,0.0943901
2018-01-10,0.09275067142857144
2018-01-11,0.09111124285714285
2018-01-12,0.08947181428571428
2018-01-13,0.08783238571428571
2018-01-14,0.08619295714285713
2018-01-15,0.08455352857142856
2018-01-16,0.08291409999999999
2018-01-17,0.08346754285714285
2018-01-18,0.0840209857142857
2018-01-19,0.08457442857142856
2018-01-20,0.08512787142857144
2018-01-21,0.0856813142857143
2018-01-22,0.08623475714285715
2018-01-23,0.08678820000000001
2018-01-24,0.08535333571428573
2018-01-25,0.08391847142857144
2018-01-26,0.08248360714285716
2018-01-27,0.08104874285714286
2018-01-28,0.07961387857142858
2018-01-29,0.0781790142857143
2018-01-30,0.07674415000000001
2018-01-31,0.07799869285714287
2018-02-01,0.07925323571428572
2018-02-02,0.08050777857142857
2018-02-03,0.08176232142857144
2018-02-04,0.0830168642857143
2018-02-05,0.08427140714285715
2018-02-06,0.08552595
2018-02-07,0.08601310714285715
2018-02-08,0.08650026428571429
2018-02-09,0.08698742142857144
2018-02-10,0.08747457857142857
2018-02-11,0.08796173571428571
2018-02-12,0.08844889285714286
2018-02-13,0.08893605
2018-02-14,0.08994551428571429
2018-02-15,0.09095497857142858
2018-02-16,0.09196444285714286
2018-02-17,0.09297390714285714
2018-02-18,0.09398337142857142
2018-02-19,0.09499283571428571
2018-02-20,0.0960023
2018-02-21,0.09382001428571428
2018-02-22,0.09163772857142857
2018-02-23,0.08945544285714285
2018-02-24,0.08727315714285715
2018-02-25,0.08509087142857143
2018-02-26,0.08290858571428572
2018-02-27,0.0807263
2018-02-28,0.07958882857142857
2018-03-01,0.07845135714285714
2018-03-02,0.07731388571428571
2018-03-03,0.07617641428571428
2018-03-04,0.07503894285714285
2018-03-05,0.07390147142857142
2018-03-06,0.072764
2018-03-07,0.0732176857142857
2018-03-08,0.07367137142857143
2018-03-09,0.07412505714285714
2018-03-10,0.07457874285714286
2018-03-11,0.07503242857142857
2018-03-12,0.07548611428571429
2018-03-13,0.0759398
2018-03-14,0.0753121
2018-03-15,0.0746844
2018-03-16,0.0740567
2018-03-17,0.073429
2018-03-18,0.0728013
2018-03-19,0.07217359999999999
2018-03-20,0.0715459
2018-03-21,0.07163594285714285
2018-03-22,0.0717259857142857
2018-03-23,0.07181602857142856
2018-03-24,0.07190607142857143
2018-03-25,0.07199611428571429
2018-03-26,0.07208615714285714
2018-03-27,0.0721762
2018-03-28,0.07142037142857142
2018-03-29,0.07066454285714285
2018-03-30,0.06990871428571428
2018-03-31,0.06915288571428571
2018-04-01,0.06839705714285714
2018-04-02,0.06764122857142857
2018-04-03,0.0668854
2018-04-04,0.06844297857142857
2018-04-05,0.07000055714285715
2018-04-06,0.07155813571428572
2018-04-07,0.07311571428571428
2018-04-08,0.07467329285714286
2018-04-09,0.07623087142857143
2018-04-10,0.07778845000000001
2018-04-11,0.07544533571428572
2018-04-12,0.07310222142857144
2018-04-13,0.07075910714285714
2018-04-14,0.06841599285714287
2018-04-15,0.06607287857142857
2018-04-16,0.0637297642857143
2018-04-17,0.06138665
2018-04-18,0.06152470714285714
2018-04-19,0.06166276428571429
2018-04-20,0.06180082142857143
2018-04-21,0.061938878571428574
2018-04-22,0.062076935714285714
2018-04-23,0.06221499285714286
2018-04-24,0.06235305
2018-04-25,0.06219777142857143
2018-04-26,0.06204249285714286
2018-04-27,0.06188721428571429
2018-04-28,0.061731935714285716
2018-04-29,0.06157665714285714
2018-04-30,0.06142137857142858
2018-05-01,0.061266100000000004
2018-05-02,0.060354007142857144
2018-05-03,0.05944191428571429
2018-05-04,0.05852982142857143
2018-05-05,0.05761772857142857
2018-05-06,0.05670563571428571
2018-05-07,0.05579354285714286
2018-05-08,0.05488145
2018-05-09,0.05426626428571429
2018-05-10,0.05365107857142857
2018-05-11,0.05303589285714286
2018-05-12,0.05242070714285714
2018-05-13,0.05180552142857143
2018-05-14,0.05119033571428571
2018-05-15,0.05057515
2018-05-16,0.050344735714285715
2018-05-17,0.050114321428571425
2018-05-18,0.04988390714285714
2018-05-19,0.04965349285714286
2018-05-20,0.04942307857142857
2018-05-21,0.04919266428571428
2018-05-22,0.04896225
2018-05-23,0.048173742857142855
2018-05-24,0.04738523571428571
2018-05-25,0.04659672857142857
2018-05-26,0.04580822142857143
2018-05-27,0.04501971428571429
2018-05-28,0.044231207142857144
2018-05-29,0.0434427
2018-05-30,0.04457862857142857
2018-05-31,0.045714557142857146
2018-06-01,0.04685048571428572
2018-06-02,0.047986414285714284
2018-06-03,0.049122342857142856
2018-06-04,0.05025827142857143
2018-06-05,0.0513942
2018-06-06,0.05050712142857143
2018-06-07,0.04962004285714286
2018-06-08,0.04873296428571429
2018-06-09,0.04784588571428571
2018-06-10,0.04695880714285714
2018-06-11,0.04607172857142857
2018-06-12,0.04518465
2018-06-13,0.043112842857142855
2018-06-14,0.04104103571428572
2018-06-15,0.03896922857142857
2018-06-16,0.03689742142857143
2018-06-17,0.03482561428571429
2018-06-18,0.032753807142857146
2018-06-19,0.030682
2018-06-20,0.030370400000000002
2018-06-21,0.0300588
2018-06-22,0.0297472
2018-06-23,0.0294356
2018-06-24,0.029124
2018-06-25,0.0288124
2018-06-26,0.0285008
2018-06-27,0.028449385714285715
2018-06-28,0.02839797142857143
2018-06-29,0.028346557142857144
2018-06-30,0.028295142857142856
2018-07-01,0.02824372857142857
2018-07-02,0.028192314285714285
2018-07-03,0.0281409
2018-07-04,0.027015535714285714
2018-07-05,0.02589017142857143
2018-07-06,0.024764807142857143
2018-07-07,0.023639442857142857
2018-07-08,0.02251407857142857
2018-07-09,0.021388714285714285
2018-07-10,0.02026335
2018-07-11,0.021622728571428572
2018-07-12,0.02298210714285714
2018-07-13,0.024341485714285713
2018-07-14,0.025700864285714286
2018-07-15,0.027060242857142855
2018-07-16,0.028419621428571427
2018-07-17,0.029779
2018-07-18,0.028794064285714287
2018-07-19,0.027809128571428574
2018-07-20,0.026824192857142857
2018-07-21,0.025839257142857144
2018-07-22,0.024854321428571427
2018-07-23,0.023869385714285714
2018-07-24,0.02288445
2018-07-25,0.02287455
2018-07-26,0.02286465
2018-07-27,0.02285475
2018-07-28,0.02284485
2018-07-29,0.02283495
2018-07-30,0.02282505
2018-07-31,0.02281515
2018-08-01,0.023259307142857143
2018-08-02,0.023703464285714286
2018-08-03,0.02414762142857143
2018-08-04,0.02459177857142857
2018-08-05,0.025035935714285713
2018-08-06,0.025480092857142856
2018-08-07,0.02592425
2018-08-08,0.025106385714285712
2018-08-09,0.02428852142857143
2018-08-10,0.02347065714285714
2018-08-11,0.022652792857142858
2018-08-12,0.02183492857142857
2018-08-13,0.021017064285714288
2018-08-14,0.0201992
2018-08-15,0.022700814285714285
2018-08-16,0.02520242857142857
2018-08-17,0.02770404285714286
2018-08-18,0.030205657142857143
2018-08-19,0.03270727142857143
2018-08-20,0.035208885714285716
2018-08-21,0.0377105
2018-08-22,0.03797890714285714
2018-08-23,0.03824731428571428
2018-08-24,0.038515721428571424
2018-08-25,0.03878412857142857
2018-08-26,0.03905253571428571
2018-08-27,0.039320942857142854
2018-08-28,0.039589349999999995
2018-08-29,0.03658193571428571
2018-08-30,0.033574521428571424
2018-08-31,0.03056710714285714
2018-09-01,0.027559692857142853
2018-09-02,0.024552278571428568
2018-09-03,0.021544864285714282
2018-09-04,0.018537449999999997
2018-09-05,0.018866264285714283
2018-09-06,0.01919507857142857
2018-09-07,0.019523892857142854
2018-09-08,0.019852707142857143
2018-09-09,0.02018152142857143
2018-09-10,0.020510335714285715
2018-09-11,0.02083915
2018-09-12,0.020100014285714285
2018-09-13,0.019360878571428573
2018-09-14,0.018621742857142857
2018-09-15,0.017882607142857145
2018-09-16,0.01714347142857143
2018-09-17,0.016404335714285716
2018-09-18,0.0156652
2018-09-19,0.014085398571428572
2018-09-20,0.012505597142857143
2018-09-21,0.010925795714285716
2018-09-22,0.009345994285714287
2018-09-23,0.007766192857142858
2018-09-24,0.0061863914285714295
2018-09-25,0.00460659
2018-09-26,0.005798955714285714
2018-09-27,0.006991321428571428
2018-09-28,0.008183687142857141
2018-09-29,0.009376052857142856
2018-09-30,0.01056841857142857
2018-10-01,0.011760784285714285
2018-10-02,0.01295315
2018-10-03,0.011231968857142857
2018-10-04,0.009510787714285714
2018-10-05,0.007789606571428571
2018-10-06,0.006068425428571429
2018-10-07,0.004347244285714286
2018-10-08,0.0026260631428571424
2018-10-09,9.04882e-4
2018-10-10,-4.770104285714284e-4
2018-10-11,-0.0018589028571428566
2018-10-12,-0.003240795285714285
2018-10-13,-0.004622687714285713
2018-10-14,-0.006004580142857143
2018-10-15,-0.00738647257142857
2018-10-16,-0.008768365
2018-10-17,-0.009076955714285715
2018-10-18,-0.009385546428571428
2018-10-19,-0.009694137142857143
2018-10-20,-0.010002727857142858
2018-10-21,-0.010311318571428573
2018-10-22,-0.010619909285714286
2018-10-23,-0.0109285
2018-10-24,-0.015826521428571428
2018-10-25,-0.020724542857142855
2018-10-26,-0.025622564285714286
2018-10-27,-0.030520585714285713
2018-10-28,-0.03541860714285715
2018-10-29,-0.04031662857142857
2018-10-30,-0.04521465
2018-10-31,-0.04717408571428572
2018-11-01,-0.04913352142857143
2018-11-02,-0.051092957142857144
2018-11-03,-0.05305239285714286
2018-11-04,-0.05501182857142857
2018-11-05,-0.056971264285714286
2018-11-06,-0.0589307
2018-11-07,-0.060294542857142856
2018-11-08,-0.06165838571428572
2018-11-09,-0.06302222857142857
2018-11-10,-0.06438607142857143
2018-11-11,-0.06574991428571429
2018-11-12,-0.06711375714285714
2018-11-13,-0.0684776
2018-11-14,-0.07163140714285714
2018-11-15,-0.07478521428571429
2018-11-16,-0.07793902142857143
2018-11-17,-0.08109282857142858
2018-11-18,-0.08424663571428571
2018-11-19,-0.08740044285714285
2018-11-20,-0.09055425
2018-11-21,-0.09551785714285714
2018-11-22,-0.10048146428571429
2018-11-23,-0.10544507142857143
2018-11-24,-0.11040867857142858
2018-11-25,-0.11537228571428572
2018-11-26,-0.12033589285714286
2018-11-27,-0.1252995
2018-11-28,-0.12600278571428572
2018-11-29,-0.12670607142857143
2018-11-30,-0.12740935714285714
2018-12-01,-0.12811264285714288
2018-12-02,-0.1288159285714286
2018-12-03,-0.1295192142857143
2018-12-04,-0.13022250000000002
2018-12-05,-0.13407500000000003
2018-12-06,-0.1379275
2018-12-07,-0.14178000000000002
2018-12-08,-0.1456325
2018-12-09,-0.149485
2018-12-10,-0.1533375
2018-12-11,-0.15719
2018-12-12,-0.1586877142857143
2018-12-13,-0.16018542857142856
2018-12-14,-0.16168314285714286
2018-12-15,-0.16318085714285713
2018-12-16,-0.16467857142857142
2018-12-17,-0.1661762857142857
2018-12-18,-0.167674
2018-12-19,-0.16815014285714286
2018-12-20,-0.1686262857142857
2018-12-21,-0.16910242857142857
2018-12-22,-0.1695785714285714
2018-12-23,-0.17005471428571428
2018-12-24,-0.17053085714285712
2018-12-25,-0.171007
2018-12-26,-0.1753235714285714
2018-12-27,-0.17964014285714286
2018-12-28,-0.18395671428571428
2018-12-29,-0.1882732857142857
2018-12-30,-0.19258985714285715
2018-12-31,-0.19690642857142857
2019-01-01,-0.20122299999999999
2019-01-02,-0.2040692857142857
2019-01-03,-0.20691557142857142
2019-01-04,-0.20976185714285714
2019-01-05,-0.21260814285714283
2019-01-06,-0.21545442857142855
2019-01-07,-0.21830071428571426
2019-01-08,-0.22114699999999998
2019-01-09,-0.22059157142857141
2019-01-10,-0.22003614285714285
2019-01-11,-0.21948071428571428
2019-01-12,-0.21892528571428568
2019-01-13,-0.21836985714285712
2019-01-14,-0.21781442857142855
2019-01-15,-0.21725899999999998
2019-01-16,-0.21727185714285713
2019-01-17,-0.21728471428571428
2019-01-18,-0.21729757142857142
2019-01-19,-0.21731042857142857
2019-01-20,-0.21732328571428572
2019-01-21,-0.21733614285714287
2019-01-22,-0.21734900000000001
2019-01-23,-0.22096885714285716
2019-01-24,-0.22458871428571428
2019-01-25,-0.22820857142857143
2019-01-26,-0.23182842857142857
2019-01-27,-0.23544828571428572
2019-01-28,-0.23906814285714284
2019-01-29,-0.242688
2019-01-30,-0.24398835714285713
2019-01-31,-0.24528871428571428
2019-02-01,-0.24658907142857142
2019-02-02,-0.2478894285714286
2019-02-03,-0.24918978571428574
2019-02-04,-0.2504901428571429
2019-02-05,-0.25179050000000003
2019-02-06,-0.2501926428571429
2019-02-07,-0.24859478571428573
2019-02-08,-0.24699692857142858
2019-02-09,-0.24539907142857145
2019-02-10,-0.2438012142857143
2019-02-11,-0.24220335714285715
2019-02-12,-0.2406055
2019-02-13,-0.24025735714285715
2019-02-14,-0.2399092142857143
2019-02-15,-0.23956107142857144
2019-02-16,-0.23921292857142856
2019-02-17,-0.2388647857142857
2019-02-18,-0.23851664285714286
2019-02-19,-0.2381685
2019-02-20,-0.23510878571428573
2019-02-21,-0.23204907142857142
2019-02-22,-0.22898935714285715
2019-02-23,-0.22592964285714287
2019-02-24,-0.2228699285714286
2019-02-25,-0.2198102142857143
2019-02-26,-0.2167505
2019-02-27,-0.21969878571428572
2019-02-28,-0.22264707142857143
2019-03-01,-0.22559535714285714
2019-03-02,-0.22854364285714288
2019-03-03,-0.23149192857142858
2019-03-04,-0.2344402142857143
2019-03-05,-0.2373885
2019-03-06,-0.23742021428571428
2019-03-07,-0.23745192857142858
2019-03-08,-0.23748364285714285
2019-03-09,-0.23751535714285715
2019-03-10,-0.23754707142857143
2019-03-11,-0.23757878571428573
2019-03-12,-0.2376105
2019-03-13,-0.23929771428571428
2019-03-14,-0.24098492857142859
2019-03-15,-0.24267214285714286
2019-03-16,-0.24435935714285714
2019-03-17,-0.24604657142857142
2019-03-18,-0.24773378571428573
2019-03-19,-0.249421
2019-03-20,-0.25077992857142856
2019-03-21,-0.25213885714285716
2019-03-22,-0.2534977857142857
2019-03-23,-0.2548567142857143
2019-03-24,-0.2562156428571429
2019-03-25,-0.2575745714285715
2019-03-26,-0.25893350000000004
2019-03-27,-0.2593544285714286
2019-03-28,-0.25977535714285716
2019-03-29,-0.2601962857142857
2019-03-30,-0.2606172142857143
2019-03-31,-0.2610381428571429
2019-04-01,-0.26145907142857144
2019-04-02,-0.26188
2019-04-03,-0.26233871428571426
2019-04-04,-0.26279742857142857
2019-04-05,-0.2632561428571428
2019-04-06,-0.26371485714285714
2019-04-07,-0.2641735714285714
2019-04-08,-0.2646322857142857
2019-04-09,-0.26509099999999997
2019-04-10,-0.26483292857142854
2019-04-11,-0.2645748571428571
2019-04-12,-0.2643167857142857
2019-04-13,-0.2640587142857143
2019-04-14,-0.2638006428571429
2019-04-15,-0.26354257142857146
2019-04-16,-0.26328450000000003
2019-04-17,-0.2604684285714286
2019-04-18,-0.25765235714285717
2019-04-19,-0.25483628571428574
2019-04-20,-0.2520202142857143
2019-04-21,-0.24920414285714287
2019-04-22,-0.24638807142857144
2019-04-23,-0.243572
2019-04-24,-0.24223057142857143
2019-04-25,-0.24088914285714286
2019-04-26,-0.23954771428571428
2019-04-27,-0.23820628571428573
2019-04-28,-0.23686485714285715
2019-04-29,-0.23552342857142858
2019-04-30,-0.234182
2019-05-01,-0.23228428571428572
2019-05-02,-0.2303865714285714
2019-05-03,-0.22848885714285713
2019-05-04,-0.22659114285714285
2019-05-05,-0.22469342857142857
2019-05-06,-0.22279571428571426
2019-05-07,-0.22089799999999998
2019-05-08,-0.21995764285714284
2019-05-09,-0.2190172857142857
2019-05-10,-0.21807692857142855
2019-05-11,-0.21713657142857143
2019-05-12,-0.21619621428571428
2019-05-13,-0.21525585714285714
2019-05-14,-0.2143155
2019-05-15,-0.21327657142857143
2019-05-16,-0.21223764285714286
2019-05-17,-0.2111987142857143
2019-05-18,-0.2101597857142857
2019-05-19,-0.20912085714285714
2019-05-20,-0.20808192857142857
2019-05-21,-0.207043
2019-05-22,-0.20749764285714287
2019-05-23,-0.20795228571428573
2019-05-24,-0.2084069285714286
2019-05-25,-0.20886157142857142
2019-05-26,-0.20931621428571429
2019-05-27,-0.20977085714285715
2019-05-28,-0.2102255
2019-05-29,-0.20905071428571428
2019-05-30,-0.2078759285714286
2019-05-31,-0.20670114285714286
2019-06-01,-0.20552635714285716
2019-06-02,-0.20435157142857144
2019-06-03,-0.20317678571428574
2019-06-04,-0.20200200000000001
2019-06-05,-0.19978357142857145
2019-06-06,-0.19756514285714286
2019-06-07,-0.1953467142857143
2019-06-08,-0.19312828571428572
2019-06-09,-0.19090985714285716
2019-06-10,-0.18869142857142857
2019-06-11,-0.186473
2019-06-12,-0.18362564285714286
2019-06-13,-0.18077828571428572
2019-06-14,-0.1779309285714286
2019-06-15,-0.17508357142857142
2019-06-16,-0.17223621428571428
2019-06-17,-0.16938885714285715
2019-06-18,-0.1665415
2019-06-19,-0.1646227142857143
2019-06-20,-0.16270392857142857
2019-06-21,-0.16078514285714285
2019-06-22,-0.15886635714285716
2019-06-23,-0.15694757142857144
2019-06-24,-0.15502878571428572
2019-06-25,-0.15311
2019-06-26,-0.15276599999999999
2019-06-27,-0.152422
2019-06-28,-0.152078
2019-06-29,-0.151734
2019-06-30,-0.15139
2019-07-01,-0.151046
2019-07-02,-0.150702
2019-07-03,-0.1476249285714286
2019-07-04,-0.14454785714285714
2019-07-05,-0.14147078571428573
2019-07-06,-0.1383937142857143
2019-07-07,-0.13531664285714287
2019-07-08,-0.13223957142857146
2019-07-09,-0.1291625
2019-07-10,-0.13287428571428572
2019-07-11,-0.13658607142857143
2019-07-12,-0.14029785714285714
2019-07-13,-0.14400964285714288
2019-07-14,-0.1477214285714286
2019-07-15,-0.1514332142857143
2019-07-16,-0.155145
2019-07-17,-0.15216992857142858
2019-07-18,-0.14919485714285716
2019-07-19,-0.14621978571428573
2019-07-20,-0.14324471428571428
2019-07-21,-0.14026964285714286
2019-07-22,-0.13729457142857143
2019-07-23,-0.1343195
2019-07-24,-0.138715
2019-07-25,-0.1431105
2019-07-26,-0.147506
2019-07-27,-0.15190150000000002
2019-07-28,-0.15629700000000002
2019-07-29,-0.16069250000000002
2019-07-30,-0.165088
2019-07-31,-0.16689385714285715
2019-08-01,-0.1686997142857143
2019-08-02,-0.17050557142857142
2019-08-03,-0.1723114285714286
2019-08-04,-0.17411728571428572
2019-08-05,-0.17592314285714286
2019-08-06,-0.177729
2019-08-07,-0.17756121428571428
2019-08-08,-0.17739342857142856
2019-08-09,-0.17722564285714285
2019-08-10,-0.17705785714285716
2019-08-11,-0.17689007142857144
2019-08-12,-0.17672228571428572
2019-08-13,-0.1765545
2019-08-14,-0.17859635714285715
2019-08-15,-0.18063821428571428
2019-08-16,-0.18268007142857143
2019-08-17,-0.18472192857142858
2019-08-18,-0.18676378571428573
2019-08-19,-0.18880564285714285
2019-08-20,-0.1908475
2019-08-21,-0.19315364285714287
2019-08-22,-0.1954597857142857
2019-08-23,-0.19776592857142858
2019-08-24,-0.20007207142857145
2019-08-25,-0.20237821428571431
2019-08-26,-0.20468435714285715
2019-08-27,-0.20699050000000002
2019-08-28,-0.20498207142857144
2019-08-29,-0.20297364285714287
2019-08-30,-0.2009652142857143
2019-08-31,-0.1989567857142857
2019-09-01,-0.19694835714285713
2019-09-02,-0.19493992857142856
2019-09-03,-0.19293149999999998
2019-09-04,-0.19295264285714284
2019-09-05,-0.1929737857142857
2019-09-06,-0.19299492857142855
2019-09-07,-0.19301607142857144
2019-09-08,-0.1930372142857143
2019-09-09,-0.19305835714285716
2019-09-10,-0.19307950000000002
2019-09-11,-0.19325264285714286
2019-09-12,-0.19342578571428573
2019-09-13,-0.19359892857142857
2019-09-14,-0.19377207142857145
2019-09-15,-0.1939452142857143
2019-09-16,-0.19411835714285716
2019-09-17,-0.1942915
2019-09-18,-0.1941965
2019-09-19,-0.1941015
2019-09-20,-0.1940065
2019-09-21,-0.1939115
2019-09-22,-0.19381649999999997
2019-09-23,-0.1937215
2019-09-24,-0.19362649999999998
2019-09-25,-0.1939955714285714
2019-09-26,-0.19436464285714283
2019-09-27,-0.19473371428571426
2019-09-28,-0.19510278571428571
2019-09-29,-0.19547185714285714
2019-09-30,-0.19584092857142857
2019-10-01,-0.19621
2019-10-02,-0.1954617857142857
2019-10-03,-0.19471357142857143
2019-10-04,-0.19396535714285715
2019-10-05,-0.19321714285714284
2019-10-06,-0.19246892857142855
2019-10-07,-0.19172071428571427
2019-10-08,-0.1909725
2019-10-09,-0.19384057142857142
2019-10-10,-0.19670864285714285
2019-10-11,-0.19957671428571427
2019-10-12,-0.2024447857142857
2019-10-13,-0.20531285714285713
2019-10-14,-0.20818092857142856
2019-10-15,-0.211049
2019-10-16,-0.21383535714285715
2019-10-17,-0.21662171428571428
2019-10-18,-0.21940807142857144
2019-10-19,-0.22219442857142857
2019-10-20,-0.22498078571428573
2019-10-21,-0.22776714285714286
2019-10-22,-0.23055350000000002
2019-10-23,-0.22952278571428572
2019-10-24,-0.22849207142857145
2019-10-25,-0.22746135714285715
2019-10-26,-0.22643064285714287
2019-10-27,-0.22539992857142857
2019-10-28,-0.2243692142857143
2019-10-29,-0.2233385
2019-10-30,-0.22373642857142856
2019-10-31,-0.22413435714285715
2019-11-01,-0.2245322857142857
2019-11-02,-0.22493021428571428
2019-11-03,-0.22532814285714284
2019-11-04,-0.22572607142857143
2019-11-05,-0.226124
2019-11-06,-0.2257902857142857
2019-11-07,-0.22545657142857142
2019-11-08,-0.22512285714285712
2019-11-09,-0.22478914285714285
2019-11-10,-0.22445542857142856
2019-11-11,-0.22412171428571429
2019-11-12,-0.223788
2019-11-13,-0.22387349999999998
2019-11-14,-0.223959
2019-11-15,-0.22404449999999998
2019-11-16,-0.22413
2019-11-17,-0.22421549999999998
2019-11-18,-0.224301
2019-11-19,-0.2243865
2019-11-20,-0.22220835714285714
2019-11-21,-0.22003021428571426
2019-11-22,-0.2178520714285714
2019-11-23,-0.21567392857142856
2019-11-24,-0.2134957857142857
2019-11-25,-0.21131764285714283
2019-11-26,-0.20913949999999998
2019-11-27,-0.20771785714285712
2019-11-28,-0.20629621428571426
2019-11-29,-0.2048745714285714
2019-11-30,-0.20345292857142858
2019-12-01,-0.20203128571428572
2019-12-02,-0.20060964285714286
2019-12-03,-0.199188
2019-12-04,-0.19575385714285715
2019-12-05,-0.1923197142857143
2019-12-06,-0.18888557142857143
2019-12-07,-0.18545142857142857
2019-12-08,-0.18201728571428571
2019-12-09,-0.17858314285714286
2019-12-10,-0.175149
2019-12-11,-0.1765135
2019-12-12,-0.177878
2019-12-13,-0.1792425
2019-12-14,-0.180607
2019-12-15,-0.18197149999999998
2019-12-16,-0.183336
2019-12-17,-0.1847005
2019-12-18,-0.18334399999999998
2019-12-19,-0.1819875
2019-12-20,-0.18063099999999999
2019-12-21,-0.1792745
2019-12-22,-0.177918
2019-12-23,-0.1765615
2019-12-24,-0.175205
2019-12-25,-0.1747922142857143
2019-12-26,-0.17437942857142857
2019-12-27,-0.17396664285714286
2019-12-28,-0.17355385714285715
2019-12-29,-0.17314107142857144
2019-12-30,-0.17272828571428572
2019-12-31,-0.1723155
2020-01-01,-0.17596985714285715
2020-01-02,-0.1796242142857143
2020-01-03,-0.18327857142857143
2020-01-04,-0.1869329285714286
2020-01-05,-0.19058728571428574
2020-01-06,-0.19424164285714288
2020-01-07,-0.19789600000000002
2020-01-08,-0.19625857142857145
2020-01-09,-0.19462114285714285
2020-01-10,-0.1929837142857143
2020-01-11,-0.19134628571428572
2020-01-12,-0.18970885714285715
2020-01-13,-0.18807142857142856
2020-01-14,-0.186434
2020-01-15,-0.18194614285714286
2020-01-16,-0.1774582857142857
2020-01-17,-0.17297042857142858
2020-01-18,-0.16848257142857143
2020-01-19,-0.1639947142857143
2020-01-20,-0.15950685714285717
2020-01-21,-0.15501900000000002
2020-01-22,-0.15689285714285717
2020-01-23,-0.1587667142857143
2020-01-24,-0.16064057142857144
2020-01-25,-0.1625144285714286
2020-01-26,-0.16438828571428574
2020-01-27,-0.16626214285714286
2020-01-28,-0.168136
2020-01-29,-0.1710367142857143
2020-01-30,-0.17393742857142858
2020-01-31,-0.17683814285714286
2020-02-01,-0.17973885714285717
2020-02-02,-0.18263957142857146
2020-02-03,-0.18554028571428574
2020-02-04,-0.18844100000000003
2020-02-05,-0.19268114285714288
2020-02-06,-0.19692128571428574
2020-02-07,-0.2011614285714286
2020-02-08,-0.20540157142857143
2020-02-09,-0.2096417142857143
2020-02-10,-0.21388185714285715
2020-02-11,-0.218122
2020-02-12,-0.22731357142857145
2020-02-13,-0.23650514285714286
2020-02-14,-0.2456967142857143
2020-02-15,-0.25488828571428573
2020-02-16,-0.26407985714285714
2020-02-17,-0.2732714285714286
2020-02-18,-0.282463
2020-02-19,-0.2946227142857143
2020-02-20,-0.30678242857142857
2020-02-21,-0.31894214285714284
2020-02-22,-0.3311018571428571
2020-02-23,-0.34326157142857144
2020-02-24,-0.3554212857142857
2020-02-25,-0.367581
2020-02-26,-0.38181657142857145
2020-02-27,-0.39605214285714285
2020-02-28,-0.4102877142857143
2020-02-29,-0.4245232857142857
2020-03-01,-0.4387588571428572
2020-03-02,-0.4529944285714286
2020-03-03,-0.46723000000000003
2020-03-04,-0.4910819285714286
2020-03-05,-0.5149338571428572
2020-03-06,-0.5387857857142857
2020-03-07,-0.5626377142857143
2020-03-08,-0.5864896428571429
2020-03-09,-0.6103415714285715
2020-03-10,-0.6341935000000001
2020-03-11,-0.6545974285714287
2020-03-12,-0.6750013571428571
2020-03-13,-0.6954052857142857
2020-03-14,-0.7158092142857143
2020-03-15,-0.7362131428571429
2020-03-16,-0.7566170714285714
2020-03-17,-0.777021
2020-03-18,-0.7953231428571428
2020-03-19,-0.8136252857142857
2020-03-20,-0.8319274285714285
2020-03-21,-0.8502295714285714
2020-03-22,-0.8685317142857143
2020-03-23,-0.8868338571428571
2020-03-24,-0.9051359999999999
2020-03-25,-0.965413
2020-03-26,-1.02569
2020-03-27,-1.085967
2020-03-28,-1.146244
2020-03-29,-1.206521
2020-03-30,-1.266798
2020-03-31,-1.327075
2020-04-01,-1.3311878571428573
2020-04-02,-1.3353007142857143
2020-04-03,-1.3394135714285715
2020-04-04,-1.3435264285714286
2020-04-05,-1.3476392857142858
2020-04-06,-1.3517521428571428
2020-04-07,-1.355865
2020-04-08,-1.3657928571428573
2020-04-09,-1.3757207142857144
2020-04-10,-1.3856485714285716
2020-04-11,-1.3955764285714285
2020-04-12,-1.4055042857142857
2020-04-13,-1.4154321428571428
2020-04-14,-1.42536
2020-04-15,-1.4447707142857142
2020-04-16,-1.4641814285714285
2020-04-17,-1.4835921428571428
2020-04-18,-1.503002857142857
2020-04-19,-1.5224135714285714
2020-04-20,-1.5418242857142856
2020-04-21,-1.561235
2020-04-22,-1.5701635714285713
2020-04-23,-1.5790921428571427
2020-04-24,-1.5880207142857141
2020-04-25,-1.5969492857142857
2020-04-26,-1.6058778571428571
2020-04-27,-1.6148064285714285
2020-04-28,-1.623735
2020-04-29,-1.627492857142857
2020-04-30,-1.6312507142857142
2020-05-01,-1.6350085714285714
2020-05-02,-1.6387664285714287
2020-05-03,-1.6425242857142859
2020-05-04,-1.646282142857143
2020-05-05,-1.6500400000000002
2020-05-06,-1.652125
2020-05-07,-1.6542100000000002
2020-05-08,-1.656295
2020-05-09,-1.6583800000000002
2020-05-10,-1.660465
2020-05-11,-1.6625500000000002
2020-05-12,-1.664635
2020-05-13,-1.6584928571428572
2020-05-14,-1.6523507142857143
2020-05-15,-1.6462085714285715
2020-05-16,-1.6400664285714286
2020-05-17,-1.6339242857142857
2020-05-18,-1.6277821428571428
2020-05-19,-1.62164
2020-05-20,-1.6069392857142857
2020-05-21,-1.5922385714285714
2020-05-22,-1.577537857142857
2020-05-23,-1.5628371428571428
2020-05-24,-1.5481364285714285
2020-05-25,-1.5334357142857142
2020-05-26,-1.518735
2020-05-27,-1.5088964285714286
2020-05-28,-1.499057857142857
2020-05-29,-1.4892192857142856
2020-05-30,-1.4793807142857143
2020-05-31,-1.469542142857143
2020-06-01,-1.4597035714285713
2020-06-02,-1.449865
2020-06-03,-1.437605
2020-06-04,-1.4253449999999999
2020-06-05,-1.413085
2020-06-06,-1.400825
2020-06-07,-1.388565
2020-06-08,-1.376305
2020-06-09,-1.364045
2020-06-10,-1.3538171428571428
2020-06-11,-1.3435892857142857
2020-06-12,-1.3333614285714286
2020-06-13,-1.3231335714285715
2020-06-14,-1.3129057142857143
2020-06-15,-1.3026778571428572
2020-06-16,-1.29245
2020-06-17,-1.2806285714285714
2020-06-18,-1.268807142857143
2020-06-19,-1.2569857142857144
2020-06-20,-1.2451642857142857
2020-06-21,-1.233342857142857
2020-06-22,-1.2215214285714286
2020-06-23,-1.2097
2020-06-24,-1.19959
2020-06-25,-1.18948
2020-06-26,-1.17937
2020-06-27,-1.16926
2020-06-28,-1.15915
2020-06-29,-1.14904
2020-06-30,-1.13893
2020-07-01,-1.13017
2020-07-02,-1.12141
2020-07-03,-1.11265
2020-07-04,-1.10389
2020-07-05,-1.09513
2020-07-06,-1.08637
2020-07-07,-1.07761
2020-07-08,-1.07158
2020-07-09,-1.06555
2020-07-10,-1.05952
2020-07-11,-1.05349
2020-07-12,-1.04746
2020-07-13,-1.04143
2020-07-14,-1.0354
2020-07-15,-1.0302193571428573
2020-07-16,-1.0250387142857142
2020-07-17,-1.0198580714285714
2020-07-18,-1.0146774285714286
2020-07-19,-1.0094967857142858
2020-07-20,-1.0043161428571428
2020-07-21,-0.9991355
2020-07-22,-0.9847782857142857
2020-07-23,-0.9704210714285714
2020-07-24,-0.9560638571428571
2020-07-25,-0.9417066428571429
2020-07-26,-0.9273494285714285
2020-07-27,-0.9129922142857143
2020-07-28,-0.8986350000000001
2020-07-29,-0.8932176428571429
2020-07-30,-0.8878002857142857
2020-07-31,-0.8823829285714285
2020-08-01,-0.8769655714285715
2020-08-02,-0.8715482142857143
2020-08-03,-0.8661308571428571
2020-08-04,-0.8607134999999999
2020-08-05,-0.8482658571428571
2020-08-06,-0.8358182142857142
2020-08-07,-0.8233705714285714
2020-08-08,-0.8109229285714284
2020-08-09,-0.7984752857142856
2020-08-10,-0.7860276428571428
2020-08-11,-0.7735799999999999
2020-08-12,-0.7652800714285714
2020-08-13,-0.7569801428571428
2020-08-14,-0.7486802142857142
2020-08-15,-0.7403802857142857
2020-08-16,-0.7320803571428571
2020-08-17,-0.7237804285714285
2020-08-18,-0.7154805
2020-08-19,-0.7033664285714285
2020-08-20,-0.6912523571428572
2020-08-21,-0.6791382857142857
2020-08-22,-0.6670242142857142
2020-08-23,-0.6549101428571428
2020-08-24,-0.6427960714285714
2020-08-25,-0.630682
2020-08-26,-0.6235485714285715
2020-08-27,-0.6164151428571428
2020-08-28,-0.6092817142857143
2020-08-29,-0.6021482857142857
2020-08-30,-0.5950148571428572
2020-08-31,-0.5878814285714286
2020-09-01,-0.580748
2020-09-02,-0.5607282857142858
2020-09-03,-0.5407085714285714
2020-09-04,-0.5206888571428572
2020-09-05,-0.5006691428571429
2020-09-06,-0.48064942857142856
2020-09-07,-0.4606297142857143
2020-09-08,-0.44061
2020-09-09,-0.4278727142857143
2020-09-10,-0.4151354285714286
2020-09-11,-0.40239814285714287
2020-09-12,-0.38966085714285714
2020-09-13,-0.37692357142857147
2020-09-14,-0.36418628571428574
2020-09-15,-0.351449
2020-09-16,-0.3476827142857143
2020-09-17,-0.34391642857142857
2020-09-18,-0.34015014285714285
2020-09-19,-0.3363838571428572
2020-09-20,-0.33261757142857146
2020-09-21,-0.32885128571428573
2020-09-22,-0.325085
2020-09-23,-0.322152
2020-09-24,-0.31921900000000003
2020-09-25,-0.316286
2020-09-26,-0.313353
2020-09-27,-0.31042
2020-09-28,-0.307487
2020-09-29,-0.304554
2020-09-30,-0.28468614285714283
2020-10-01,-0.26481828571428573
2020-10-02,-0.24495042857142857
2020-10-03,-0.2250825714285714
2020-10-04,-0.20521471428571428
2020-10-05,-0.18534685714285715
2020-10-06,-0.165479
2020-10-07,-0.1489612714285714
2020-10-08,-0.13244354285714285
2020-10-09,-0.11592581428571429
2020-10-10,-0.09940808571428572
2020-10-11,-0.08289035714285714
2020-10-12,-0.06637262857142859
2020-10-13,-0.0498549
2020-10-14,-0.04164137071428572
2020-10-15,-0.03342784142857143
2020-10-16,-0.025214312142857145
2020-10-17,-0.017000782857142863
2020-10-18,-0.008787253571428573
2020-10-19,-5.737242857142902e-4
2020-10-20,0.007639805
2020-10-21,0.011233997142857144
2020-10-22,0.014828189285714286
2020-10-23,0.01842238142857143
2020-10-24,0.022016573571428572
2020-10-25,0.025610765714285715
2020-10-26,0.029204957857142857
2020-10-27,0.03279915
2020-10-28,0.03629935714285714
2020-10-29,0.03979956428571428
2020-10-30,0.04329977142857143
2020-10-31,0.04679997857142857
2020-11-01,0.05030018571428571
2020-11-02,0.05380039285714286
2020-11-03,0.0573006
2020-11-04,0.06224667142857143
2020-11-05,0.06719274285714286
2020-11-06,0.07213881428571428
2020-11-07,0.07708488571428572
2020-11-08,0.08203095714285714
2020-11-09,0.08697702857142858
2020-11-10,0.09192310000000001
2020-11-11,0.09718394285714287
2020-11-12,0.10244478571428572
2020-11-13,0.10770562857142857
2020-11-14,0.11296647142857143
2020-11-15,0.11822731428571429
2020-11-16,0.12348815714285714
2020-11-17,0.128749
2020-11-18,0.12524364285714287
2020-11-19,0.12173828571428572
2020-11-20,0.11823292857142859
2020-11-21,0.11472757142857144
2020-11-22,0.1112222142857143
2020-11-23,0.10771685714285716
2020-11-24,0.10421150000000001
2020-11-25,0.10661157142857144
2020-11-26,0.10901164285714286
2020-11-27,0.1114117142857143
2020-11-28,0.11381178571428573
2020-11-29,0.11621185714285716
2020-11-30,0.11861192857142858
2020-12-01,0.12101200000000001
2020-12-02,0.11879392857142858
2020-12-03,0.11657585714285715
2020-12-04,0.11435778571428572
2020-12-05,0.1121397142857143
2020-12-06,0.10992164285714287
2020-12-07,0.10770357142857144
2020-12-08,0.10548550000000001
2020-12-09,0.10483042857142857
2020-12-10,0.10417535714285715
2020-12-11,0.10352028571428572
2020-12-12,0.1028652142857143
2020-12-13,0.10221014285714286
2020-12-14,0.10155507142857144
2020-12-15,0.1009
2020-12-16,0.09979127857142857
2020-12-17,0.09868255714285715
2020-12-18,0.09757383571428571
2020-12-19,0.09646511428571429
2020-12-20,0.09535639285714285
2020-12-21,0.09424767142857143
2020-12-22,0.09313895
2020-12-23,0.08933762142857142
2020-12-24,0.08553629285714286
2020-12-25,0.08173496428571428
2020-12-26,0.07793363571428572
2020-12-27,0.07413230714285714
2020-12-28,0.07033097857142857
2020-12-29,0.06652965
2020-12-30,0.06639016428571429
2020-12-31,0.06625067857142856
2021-01-01,0.06611119285714286
2021-01-02,0.06597170714285713
2021-01-03,0.06583222142857142
2021-01-04,0.0656927357142857
2021-01-05,0.06555325
2021-01-06,0.0636446
2021-01-07,0.06173595
2021-01-08,0.0598273
2021-01-09,0.05791865
2021-01-10,0.05601
2021-01-11,0.05410135
2021-01-12,0.0521927
2021-01-13,0.05027577142857143
2021-01-14,0.048358842857142856
2021-01-15,0.046441914285714286
2021-01-16,0.04452498571428572
2021-01-17,0.04260805714285715
2021-01-18,0.04069112857142858
2021-01-19,0.0387742
2021-01-20,0.03690382857142857
2021-01-21,0.03503345714285715
2021-01-22,0.033163085714285716
2021-01-23,0.031292714285714285
2021-01-24,0.029422342857142857
2021-01-25,0.02755197142857143
2021-01-26,0.0256816
2021-01-27,0.023361576428571427
2021-01-28,0.021041552857142855
2021-01-29,0.018721529285714286
2021-01-30,0.01640150571428571
2021-01-31,0.01408148214285714
2021-02-01,0.01176145857142857
2021-02-02,0.009441435
2021-02-03,0.010154772857142856
2021-02-04,0.010868110714285714
2021-02-05,0.01158144857142857
2021-02-06,0.012294786428571427
2021-02-07,0.013008124285714285
2021-02-08,0.013721462142857143
2021-02-09,0.0144348
2021-02-10,0.016707842857142857
2021-02-11,0.018980885714285713
2021-02-12,0.021253928571428573
2021-02-13,0.02352697142857143
2021-02-14,0.02580001428571429
2021-02-15,0.028073057142857145
2021-02-16,0.0303461
2021-02-17,0.030713178571428572
2021-02-18,0.031080257142857146
2021-02-19,0.031447335714285714
2021-02-20,0.03181441428571429
2021-02-21,0.03218149285714286
2021-02-22,0.032548571428571434
2021-02-23,0.032915650000000005
2021-02-24,0.03685968571428572
2021-02-25,0.04080372142857143
2021-02-26,0.04474775714285714
2021-02-27,0.048691792857142854
2021-02-28,0.052635828571428574
2021-03-01,0.05657986428571428
2021-03-02,0.0605239
2021-03-03,0.0683307
2021-03-04,0.0761375
2021-03-05,0.0839443
2021-03-06,0.0917511
2021-03-07,0.0995579
2021-03-08,0.10736470000000001
2021-03-09,0.11517150000000001
2021-03-10,0.12544435714285715
2021-03-11,0.1357172142857143
2021-03-12,0.14599007142857143
2021-03-13,0.1562629285714286
2021-03-14,0.16653578571428573
2021-03-15,0.17680864285714287
2021-03-16,0.1870815
2021-03-17,0.2187157142857143
2021-03-18,0.25034992857142857
2021-03-19,0.28198414285714285
2021-03-20,0.31361835714285713
2021-03-21,0.34525257142857146
2021-03-22,0.3768867857142857
2021-03-23,0.408521
2021-03-24,0.4593265714285714
2021-03-25,0.5101321428571428
2021-03-26,0.5609377142857143
2021-03-27,0.6117432857142857
2021-03-28,0.662548857142857
2021-03-29,0.7133544285714285
2021-03-30,0.76416
2021-03-31,0.7498787857142857
2021-04-01,0.7355975714285714
2021-04-02,0.7213163571428571
2021-04-03,0.7070351428571429
2021-04-04,0.6927539285714286
2021-04-05,0.6784727142857143
2021-04-06,0.6641915
2021-04-07,0.6720397142857143
2021-04-08,0.6798879285714287
2021-04-09,0.6877361428571429
2021-04-10,0.6955843571428572
2021-04-11,0.7034325714285714
2021-04-12,0.7112807857142858
2021-04-13,0.719129
2021-04-14,0.7320892857142858
2021-04-15,0.7450495714285714
2021-04-16,0.7580098571428572
2021-04-17,0.7709701428571428
2021-04-18,0.7839304285714286
2021-04-19,0.7968907142857142
2021-04-20,0.809851
2021-04-21,0.8300862142857143
2021-04-22,0.8503214285714286
2021-04-23,0.8705566428571428
2021-04-24,0.8907918571428571
2021-04-25,0.9110270714285714
2021-04-26,0.9312622857142857
2021-04-27,0.9514975
2021-04-28,0.959885
2021-04-29,0.9682725
2021-04-30,0.97666
2021-05-01,0.9850475000000001
2021-05-02,0.9934350000000001
2021-05-03,1.0018225
2021-05-04,1.01021
2021-05-05,1.0179728571428572
2021-05-06,1.0257357142857144
2021-05-07,1.0334985714285716
2021-05-08,1.0412614285714286
2021-05-09,1.0490242857142857
2021-05-10,1.056787142857143
2021-05-11,1.06455
2021-05-12,1.062835
2021-05-13,1.06112
2021-05-14,1.059405
2021-05-15,1.05769
2021-05-16,1.0559749999999999
2021-05-17,1.05426
2021-05-18,1.0525449999999998
2021-05-19,1.0469099999999998
2021-05-20,1.041275
2021-05-21,1.03564
2021-05-22,1.030005
2021-05-23,1.02437
2021-05-24,1.0187350000000002
2021-05-25,1.0131000000000001
2021-05-26,1.009614
2021-05-27,1.0061280000000001
2021-05-28,1.002642
2021-05-29,0.999156
2021-05-30,0.99567
2021-05-31,0.9921840000000001
2021-06-01,0.9886980000000001
2021-06-02,0.9829842142857144
2021-06-03,0.9772704285714287
2021-06-04,0.9715566428571429
2021-06-05,0.9658428571428571
2021-06-06,0.9601290714285714
2021-06-07,0.9544152857142857
2021-06-08,0.9487015
2021-06-09,0.9372908571428571
2021-06-10,0.9258802142857143
2021-06-11,0.9144695714285714
2021-06-12,0.9030589285714286
2021-06-13,0.8916482857142857
2021-06-14,0.8802376428571429
2021-06-15,0.868827
2021-06-16,0.8618163571428572
2021-06-17,0.8548057142857143
2021-06-18,0.8477950714285715
2021-06-19,0.8407844285714285
2021-06-20,0.8337737857142857
2021-06-21,0.8267631428571428
2021-06-22,0.8197525
2021-06-23,0.8135886428571428
2021-06-24,0.8074247857142858
2021-06-25,0.8012609285714286
2021-06-26,0.7950970714285714
2021-06-27,0.7889332142857143
2021-06-28,0.7827693571428572
2021-06-29,0.7766055000000001
2021-06-30,0.7749694285714286
2021-07-01,0.7733333571428572
2021-07-02,0.7716972857142858
2021-07-03,0.7700612142857143
2021-07-04,0.7684251428571428
2021-07-05,0.7667890714285714
2021-07-06,0.765153
2021-07-07,0.7610493571428572
2021-07-08,0.7569457142857142
2021-07-09,0.7528420714285714
2021-07-10,0.7487384285714286
2021-07-11,0.7446347857142858
2021-07-12,0.7405311428571428
2021-07-13,0.7364275
2021-07-14,0.7325293571428572
2021-07-15,0.7286312142857143
2021-07-16,0.7247330714285715
2021-07-17,0.7208349285714285
2021-07-18,0.7169367857142857
2021-07-19,0.7130386428571428
2021-07-20,0.7091405
2021-07-21,0.705256
2021-07-22,0.7013714999999999
2021-07-23,0.697487
2021-07-24,0.6936025
2021-07-25,0.689718
2021-07-26,0.6858335
2021-07-27,0.681949
2021-07-28,0.6761432857142857
2021-07-29,0.6703375714285714
2021-07-30,0.6645318571428571
2021-07-31,0.6587261428571429
2021-08-01,0.6529204285714286
2021-08-02,0.6471147142857143
2021-08-03,0.641309
2021-08-04,0.6393439285714286
2021-08-05,0.6373788571428571
2021-08-06,0.6354137857142858
2021-08-07,0.6334487142857143
2021-08-08,0.6314836428571429
2021-08-09,0.6295185714285714
2021-08-10,0.6275535
2021-08-11,0.6262042857142857
2021-08-12,0.6248550714285714
2021-08-13,0.6235058571428571
2021-08-14,0.6221566428571429
2021-08-15,0.6208074285714286
2021-08-16,0.6194582142857143
2021-08-17,0.618109
2021-08-18,0.6132040714285715
2021-08-19,0.6082991428571428
2021-08-20,0.6033942142857143
2021-08-21,0.5984892857142857
2021-08-22,0.5935843571428572
2021-08-23,0.5886794285714285
2021-08-24,0.5837745
2021-08-25,0.5807567857142857
2021-08-26,0.5777390714285714
2021-08-27,0.5747213571428571
2021-08-28,0.5717036428571428
2021-08-29,0.5686859285714285
2021-08-30,0.5656682142857142
2021-08-31,0.5626504999999999
2021-09-01,0.5610124285714285
2021-09-02,0.5593743571428571
2021-09-03,0.5577362857142857
2021-09-04,0.5560982142857143
2021-09-05,0.5544601428571428
2021-09-06,0.5528220714285714
2021-09-07,0.551184
2021-09-08,0.5535334285714286
2021-09-09,0.5558828571428571
2021-09-10,0.5582322857142857
2021-09-11,0.5605817142857143
2021-09-12,0.562931142857143
2021-09-13,0.5652805714285715
2021-09-14,0.5676300000000001
2021-09-15,0.5670120714285715
2021-09-16,0.566394142857143
2021-09-17,0.5657762142857143
2021-09-18,0.5651582857142857
2021-09-19,0.5645403571428571
2021-09-20,0.5639224285714286
2021-09-21,0.5633045
2021-09-22,0.5616496428571428
2021-09-23,0.5599947857142857
2021-09-24,0.5583399285714286
2021-09-25,0.5566850714285715
2021-09-26,0.5550302142857143
2021-09-27,0.5533753571428572
2021-09-28,0.5517205000000001
2021-09-29,0.5505180714285715
2021-09-30,0.5493156428571428
2021-10-01,0.5481132142857142
2021-10-02,0.5469107857142858
2021-10-03,0.5457083571428571
2021-10-04,0.5445059285714285
2021-10-05,0.5433034999999999
2021-10-06,0.5429258571428571
2021-10-07,0.5425482142857142
2021-10-08,0.5421705714285714
2021-10-09,0.5417929285714285
2021-10-10,0.5414152857142857
2021-10-11,0.5410376428571427
2021-10-12,0.5406599999999999
2021-10-13,0.5411867142857142
2021-10-14,0.5417134285714285
2021-10-15,0.5422401428571427
2021-10-16,0.5427668571428571
2021-10-17,0.5432935714285714
2021-10-18,0.5438202857142856
2021-10-19,0.5443469999999999
2021-10-20,0.5454422142857142
2021-10-21,0.5465374285714285
2021-10-22,0.5476326428571427
2021-10-23,0.5487278571428571
2021-10-24,0.5498230714285713
2021-10-25,0.5509182857142857
2021-10-26,0.5520134999999999
2021-10-27,0.5531356428571428
2021-10-28,0.5542577857142857
2021-10-29,0.5553799285714286
2021-10-30,0.5565020714285714
2021-10-31,0.5576242142857143
2021-11-01,0.5587463571428573
2021-11-02,0.5598685000000001
2021-11-03,0.563118642857143
2021-11-04,0.5663687857142858
2021-11-05,0.5696189285714287
2021-11-06,0.5728690714285715
2021-11-07,0.5761192142857143
2021-11-08,0.5793693571428572
2021-11-09,0.5826195000000001
2021-11-10,0.5854835
2021-11-11,0.5883475
2021-11-12,0.5912115
2021-11-13,0.5940755000000001
2021-11-14,0.5969395000000001
2021-11-15,0.5998035
2021-11-16,0.6026675
2021-11-17,0.6011234285714285
2021-11-18,0.59957935714285715
2021-11-19,0.5980352857142857
2021-11-20,0.5964912142857143
2021-11-21,0.5949471428571428
2021-11-22,0.5934030714285714
2021-11-23,0.5918589999999999
2021-11-24,0.5925083571428571
2021-11-25,0.5931577142857142
2021-11-26,0.5938070714285714
2021-11-27,0.5944564285714286
2021-11-28,0.5951057857142857
2021-11-29,0.5957551428571428
2021-11-30,0.5964045
2021-12-01,0.5976197142857143
2021-12-02,0.5988349285714286
2021-12-03,0.6000501428571429
2021-12-04,0.6012653571428571
2021-12-05,0.6024805714285714
2021-12-06,0.6036957857142857
2021-12-07,0.604911
2021-12-08,0.6057294285714285
2021-12-09,0.6065478571428572
2021-12-10,0.6073662857142857
2021-12-11,0.6081847142857143
2021-12-12,0.6090031428571429
2021-12-13,0.6098215714285715
2021-12-14,0.6106400000000001
2021-12-15,0.6095554285714286
2021-12-16,0.6084708571428572
2021-12-17,0.6073862857142858
2021-12-18,0.6063017142857143
2021-12-19,0.6052171428571429
2021-12-20,0.6041325714285715
2021-12-21,0.603048
2021-12-22,0.6012891428571429
2021-12-23,0.5995302857142857
2021-12-24,0.5977714285714285
2021-12-25,0.5960125714285714
2021-12-26,0.5942537142857143
2021-12-27,0.5924948571428571
2021-12-28,0.5907359999999999
2021-12-29,0.5927092142857142
2021-12-30,0.5946824285714285
2021-12-31,0.5966556428571428
2022-01-01,0.5986288571428571
2022-01-02,0.6006020714285714
2022-01-03,0.6025752857142856
2022-01-04,0.6045484999999999
2022-01-05,0.6051939999999999
2022-01-06,0.6058395
2022-01-07,0.6064849999999999
2022-01-08,0.6071305
2022-01-09,0.607776
2022-01-10,0.6084215000000001
2022-01-11,0.609067
2022-01-12,0.6100745
2022-01-13,0.611082
2022-01-14,0.6120895
2022-01-15,0.613097
2022-01-16,0.6141044999999999
2022-01-17,0.615112
2022-01-18,0.6161194999999999
2022-01-19,0.6182785714285713
2022-01-20,0.6204376428571428
2022-01-21,0.6225967142857142
2022-01-22,0.6247557857142857
2022-01-23,0.6269148571428571
2022-01-24,0.6290739285714285
2022-01-25,0.6312329999999999
2022-01-26,0.6327567142857142
2022-01-27,0.6342804285714285
2022-01-28,0.6358041428571428
2022-01-29,0.6373278571428571
2022-01-30,0.6388515714285714
2022-01-31,0.6403752857142857
2022-02-01,0.641899
2022-02-02,0.6426722857142857
2022-02-03,0.6434455714285714
2022-02-04,0.6442188571428571
2022-02-05,0.6449921428571429
2022-02-06,0.6457654285714286
2022-02-07,0.6465387142857143
2022-02-08,0.647312
2022-02-09,0.6461525714285714
2022-02-10,0.6449931428571428
2022-02-11,0.6438337142857142
2022-02-12,0.6426742857142858
2022-02-13,0.6415148571428572
2022-02-14,0.6403554285714286
2022-02-15,0.639196
2022-02-16,0.6388091428571429
2022-02-17,0.6384222857142857
2022-02-18,0.6380354285714286
2022-02-19,0.6376485714285713
2022-02-20,0.6372617142857142
2022-02-21,0.6368748571428571
2022-02-22,0.6364879999999999
2022-02-23,0.6363151428571429
2022-02-24,0.6361422857142857
2022-02-25,0.6359694285714286
2022-02-26,0.6357965714285714
2022-02-27,0.6356237142857143
2022-02-28,0.6354508571428571
2022-03-01,0.635278
2022-03-02,0.6348276428571429
2022-03-03,0.6343772857142856
2022-03-04,0.6339269285714285
2022-03-05,0.6334765714285714
2022-03-06,0.6330262142857143
2022-03-07,0.632575857142857
2022-03-08,0.6321254999999999
2022-03-09,0.6290692857142857
2022-03-10,0.6260130714285713
2022-03-11,0.6229568571428571
2022-03-12,0.6199006428571429
2022-03-13,0.6168444285714286
2022-03-14,0.6137882142857143
2022-03-15,0.610732
2022-03-16,0.6012202857142858
2022-03-17,0.5917085714285715
2022-03-18,0.5821968571428572
2022-03-19,0.5726851428571429
2022-03-20,0.5631734285714286
2022-03-21,0.5536617142857143
2022-03-22,0.54415
2022-03-23,0.5417008571428572
2022-03-24,0.5392517142857143
2022-03-25,0.5368025714285715
2022-03-26,0.5343534285714286
2022-03-27,0.5319042857142858
2022-03-28,0.5294551428571429
2022-03-29,0.5270060000000001
2022-03-30,0.5319598571428572
2022-03-31,0.5369137142857143
2022-04-01,0.5418675714285714
2022-04-02,0.5468214285714287
2022-04-03,0.5517752857142858
2022-04-04,0.5567291428571429
2022-04-05,0.561683
2022-04-06,0.5633925714285715
2022-04-07,0.5651021428571429
2022-04-08,0.5668117142857143
2022-04-09,0.5685212857142857
2022-04-10,0.5702308571428572
2022-04-11,0.5719404285714286
2022-04-12,0.57365
2022-04-13,0.5705321428571428
2022-04-14,0.5674142857142858
2022-04-15,0.5642964285714286
2022-04-16,0.5611785714285714
2022-04-17,0.5580607142857142
2022-04-18,0.5549428571428572
2022-04-19,0.551825
2022-04-20,0.5517269285714286
2022-04-21,0.5516288571428571
2022-04-22,0.5515307857142857
2022-04-23,0.5514327142857143
2022-04-24,0.5513346428571428
2022-04-25,0.5512365714285714
2022-04-26,0.5511385
2022-04-27,0.5537502142857142
2022-04-28,0.5563619285714285
2022-04-29,0.5589736428571428
2022-04-30,0.5615853571428572
2022-05-01,0.5641970714285715
2022-05-02,0.5668087857142857
2022-05-03,0.5694205
2022-05-04,0.5685448571428572
2022-05-05,0.5676692142857143
2022-05-06,0.5667935714285715
2022-05-07,0.5659179285714285
2022-05-08,0.5650422857142857
2022-05-09,0.5641666428571428
2022-05-10,0.563291
2022-05-11,0.5612296428571428
2022-05-12,0.5591682857142857
2022-05-13,0.5571069285714285
2022-05-14,0.5550455714285715
2022-05-15,0.5529842142857143
2022-05-16,0.5509228571428572
2022-05-17,0.5488615
2022-05-18,0.5472215714285714
2022-05-19,0.5455816428571428
2022-05-20,0.5439417142857143
2022-05-21,0.5423017857142858
2022-05-22,0.5406618571428572
2022-05-23,0.5390219285714286
2022-05-24,0.537382
2022-05-25,0.5373293571428571
2022-05-26,0.5372767142857143
2022-05-27,0.5372240714285714
2022-05-28,0.5371714285714286
2022-05-29,0.5371187857142857
2022-05-30,0.5370661428571429
2022-05-31,0.5370135
2022-06-01,0.5380345000000001
2022-06-02,0.5390555
2022-06-03,0.5400765000000001
2022-06-04,0.5410975
2022-06-05,0.5421185000000001
2022-06-06,0.5431395
2022-06-07,0.5441605
2022-06-08,0.5417344285714286
2022-06-09,0.5393083571428572
2022-06-10,0.5368822857142858
2022-06-11,0.5344562142857142
2022-06-12,0.5320301428571428
2022-06-13,0.5296040714285714
2022-06-14,0.5271779999999999
2022-06-15,0.523313857142857
2022-06-16,0.5194497142857143
2022-06-17,0.5155855714285714
2022-06-18,0.5117214285714285
2022-06-19,0.5078572857142857
2022-06-20,0.5039931428571429
2022-06-21,0.500129
2022-06-22,0.49849328571428575
2022-06-23,0.49685757142857145
2022-06-24,0.49522185714285716
2022-06-25,0.49358614285714286
2022-06-26,0.49195042857142857
2022-06-27,0.49031471428571427
2022-06-28,0.488679
2022-06-29,0.49101635714285713
2022-06-30,0.4933537142857143
2022-07-01,0.49569107142857144
2022-07-02,0.49802842857142854
2022-07-03,0.5003657857142857
2022-07-04,0.5027031428571429
2022-07-05,0.5050405
2022-07-06,0.5059161428571428
2022-07-07,0.5067917857142857
2022-07-08,0.5076674285714285
2022-07-09,0.5085430714285715
2022-07-10,0.5094187142857143
2022-07-11,0.5102943571428572
2022-07-12,0.51117
2022-07-13,0.5104763571428571
2022-07-14,0.5097827142857143
2022-07-15,0.5090890714285714
2022-07-16,0.5083954285714286
2022-07-17,0.5077017857142857
2022-07-18,0.5070081428571429
2022-07-19,0.5063145
2022-07-20,0.5045217857142857
2022-07-21,0.5027290714285714
2022-07-22,0.5009363571428571
2022-07-23,0.49914364285714286
2022-07-24,0.49735092857142854
2022-07-25,0.4955582142857143
2022-07-26,0.49376549999999997
2022-07-27,0.4913865714285714
2022-07-28,0.4890076428571428
2022-07-29,0.48662871428571425
2022-07-30,0.48424978571428573
2022-07-31,0.48187085714285716
2022-08-01,0.4794919285714286
2022-08-02,0.477113
2022-08-03,0.47305114285714284
2022-08-04,0.4689892857142857
2022-08-05,0.46492742857142855
2022-08-06,0.46086557142857143
2022-08-07,0.45680371428571426
2022-08-08,0.45274185714285714
2022-08-09,0.44867999999999997
2022-08-10,0.4488850714285714
2022-08-11,0.4490901428571428
2022-08-12,0.4492952142857143
2022-08-13,0.4495002857142857
2022-08-14,0.44970535714285714
2022-08-15,0.44991042857142854
2022-08-16,0.4501155
2022-08-17,0.4460179285714286
2022-08-18,0.44192035714285716
2022-08-19,0.43782278571428573
2022-08-20,0.43372521428571426
2022-08-21,0.42962764285714283
2022-08-22,0.4255300714285714
2022-08-23,0.4214325
2022-08-24,0.41457299999999997
2022-08-25,0.4077135
2022-08-26,0.400854
2022-08-27,0.39399449999999997
2022-08-28,0.38713499999999995
2022-08-29,0.3802755
2022-08-30,0.37341599999999997
2022-08-31,0.37342192857142853
2022-09-01,0.37342785714285714
2022-09-02,0.3734337857142857
2022-09-03,0.37343971428571426
2022-09-04,0.3734456428571428
2022-09-05,0.37345157142857144
2022-09-06,0.3734575
2022-09-07,0.36536785714285713
2022-09-08,0.35727821428571427
2022-09-09,0.3491885714285714
2022-09-10,0.3410989285714286
2022-09-11,0.33300928571428573
2022-09-12,0.32491964285714287
2022-09-13,0.31683
2022-09-14,0.3126957142857143
2022-09-15,0.30856142857142854
2022-09-16,0.30442714285714284
2022-09-17,0.30029285714285714
2022-09-18,0.29615857142857144
2022-09-19,0.2920242857142857
2022-09-20,0.28789
2022-09-21,0.28123021428571426
2022-09-22,0.27457042857142855
2022-09-23,0.26791064285714283
2022-09-24,0.2612508571428571
2022-09-25,0.2545910714285714
2022-09-26,0.24793128571428572
2022-09-27,0.2412715
2022-09-28,0.24069107142857143
2022-09-29,0.24011064285714284
2022-09-30,0.23953021428571428
2022-10-01,0.2389497857142857
2022-10-02,0.23836935714285715
2022-10-03,0.23778892857142855
2022-10-04,0.2372085
2022-10-05,0.232602
2022-10-06,0.2279955
2022-10-07,0.223389
2022-10-08,0.2187825
2022-10-09,0.214176
2022-10-10,0.20956950000000002
2022-10-11,0.204963
2022-10-12,0.20091878571428573
2022-10-13,0.19687457142857143
2022-10-14,0.19283035714285715
2022-10-15,0.18878614285714285
2022-10-16,0.18474192857142857
2022-10-17,0.1806977142857143
2022-10-18,0.1766535
2022-10-19,0.17042221428571427
2022-10-20,0.16419092857142856
2022-10-21,0.15795964285714287
2022-10-22,0.15172835714285715
2022-10-23,0.14549707142857143
2022-10-24,0.13926578571428572
2022-10-25,0.1330345
2022-10-26,0.1312532142857143
2022-10-27,0.12947192857142859
2022-10-28,0.12769064285714285
2022-10-29,0.12590935714285714
2022-10-30,0.12412807142857143
2022-10-31,0.12234678571428573
2022-11-01,0.1205655
2022-11-02,0.11704847142857143
2022-11-03,0.11353144285714287
2022-11-04,0.11001441428571429
2022-11-05,0.10649738571428573
2022-11-06,0.10298035714285715
2022-11-07,0.09946332857142859
2022-11-08,0.09594630000000001
2022-11-09,0.08800510714285716
2022-11-10,0.0800639142857143
2022-11-11,0.07212272142857144
2022-11-12,0.06418152857142859
2022-11-13,0.056240335714285716
2022-11-14,0.04829914285714287
2022-11-15,0.040357950000000004
2022-11-16,0.03709786428571429
2022-11-17,0.03383777857142858
2022-11-18,0.03057769285714286
2022-11-19,0.027317607142857143
2022-11-20,0.02405752142857143
2022-11-21,0.020797435714285717
2022-11-22,0.01753735
2022-11-23,0.01462195
2022-11-24,0.01170655
2022-11-25,0.008791150000000001
2022-11-26,0.005875750000000001
2022-11-27,0.0029603500000000005
2022-11-28,4.495000000000193e-5
2022-11-29,-0.00287045
2022-11-30,-0.00308257
2022-12-01,-0.00329469
2022-12-02,-0.00350681
2022-12-03,-0.0037189299999999996
2022-12-04,-0.00393105
2022-12-05,-0.00414317
2022-12-06,-0.0043552899999999995
2022-12-07,-0.0053146271428571425
2022-12-08,-0.0062739642857142855
2022-12-09,-0.007233301428571428
2022-12-10,-0.00819263857142857
2022-12-11,-0.009151975714285714
2022-12-12,-0.010111312857142857
2022-12-13,-0.01107065
2022-12-14,-0.010851416428571427
2022-12-15,-0.010632182857142857
2022-12-16,-0.010412949285714285
2022-12-17,-0.010193715714285715
2022-12-18,-0.009974482142857143
2022-12-19,-0.009755248571428572
2022-12-20,-0.009536015
2022-12-21,-0.009166446428571428
2022-12-22,-0.008796877857142857
2022-12-23,-0.008427309285714286
2022-12-24,-0.008057740714285715
2022-12-25,-0.007688172142857143
2022-12-26,-0.007318603571428571
2022-12-27,-0.006949035
2022-12-28,-0.005758860714285714
2022-12-29,-0.004568686428571429
2022-12-30,-0.003378512142857143
2022-12-31,-0.002188337857142857
2023-01-01,-9.98163571428571e-4
2023-01-02,1.9201071428571418e-4
2023-01-03,0.001382185
2023-01-04,0.0015034385714285715
2023-01-05,0.0016246921428571428
2023-01-06,0.0017459457142857144
2023-01-07,0.0018671992857142857
2023-01-08,0.0019884528571428575
2023-01-09,0.0021097064285714286
2023-01-10,0.00223096
2023-01-11,0.0025053971428571427
2023-01-12,0.0027798342857142857
2023-01-13,0.0030542714285714282
2023-01-14,0.003328708571428571
2023-01-15,0.0036031457142857138
2023-01-16,0.0038775828571428568
2023-01-17,0.004152019999999999
2023-01-18,0.002533389285714285
2023-01-19,9.14758571428571e-4
2023-01-20,-7.038721428571431e-4
2023-01-21,-0.0023225028571428573
2023-01-22,-0.003941133571428572
2023-01-23,-0.005559764285714286
2023-01-24,-0.007178395
2023-01-25,-0.009421102857142857
2023-01-26,-0.011663810714285714
2023-01-27,-0.01390651857142857
2023-01-28,-0.016149226428571428
2023-01-29,-0.018391934285714284
2023-01-30,-0.02063464214285714
2023-01-31,-0.022877349999999998
2023-02-01,-0.024740342857142855
2023-02-02,-0.026603335714285713
2023-02-03,-0.02846632857142857
2023-02-04,-0.030329321428571428
2023-02-05,-0.032192314285714285
2023-02-06,-0.03405530714285714
2023-02-07,-0.0359183
2023-02-08,-0.038051442857142855
2023-02-09,-0.040184585714285716
2023-02-10,-0.04231772857142857
2023-02-11,-0.04445087142857143
2023-02-12,-0.046584014285714286
2023-02-13,-0.04871715714285714
2023-02-14,-0.0508503
2023-02-15,-0.05085397857142857
2023-02-16,-0.05085765714285714
2023-02-17,-0.050861335714285714
2023-02-18,-0.05086501428571429
2023-02-19,-0.050868692857142864
2023-02-20,-0.050872371428571435
2023-02-21,-0.050876050000000006
2023-02-22,-0.05343087857142858
2023-02-23,-0.055985707142857145
2023-02-24,-0.05854053571428572
2023-02-25,-0.061095364285714285
2023-02-26,-0.06365019285714285
2023-02-27,-0.06620502142857143
2023-02-28,-0.06875985
2023-03-01,-0.06964721428571428
2023-03-02,-0.07053457857142857
2023-03-03,-0.07142194285714286
2023-03-04,-0.07230930714285713
2023-03-05,-0.07319667142857142
2023-03-06,-0.0740840357142857
2023-03-07,-0.0749714
2023-03-08,-0.07734912857142856
2023-03-09,-0.07972685714285714
2023-03-10,-0.08210458571428571
2023-03-11,-0.08448231428571429
2023-03-12,-0.08686004285714286
2023-03-13,-0.08923777142857142
2023-03-14,-0.0916155
2023-03-15,-0.0934095
2023-03-16,-0.0952035
2023-03-17,-0.0969975
2023-03-18,-0.0987915
2023-03-19,-0.10058550000000001
2023-03-20,-0.1023795
2023-03-21,-0.1041735
2023-03-22,-0.10492885714285714
2023-03-23,-0.10568421428571428
2023-03-24,-0.10643957142857143
2023-03-25,-0.10719492857142858
2023-03-26,-0.10795028571428572
2023-03-27,-0.10870564285714286
2023-03-28,-0.109461
2023-03-29,-0.11055114285714286
2023-03-30,-0.11164128571428572
2023-03-31,-0.11273142857142858
2023-04-01,-0.11382157142857142
2023-04-02,-0.11491171428571428
2023-04-03,-0.11600185714285714
2023-04-04,-0.117092
2023-04-05,-0.12103085714285715
2023-04-06,-0.1249697142857143
2023-04-07,-0.12890857142857143
2023-04-08,-0.1328474285714286
2023-04-09,-0.13678628571428572
2023-04-10,-0.14072514285714288
2023-04-11,-0.14466400000000001
2023-04-12,-0.14568635714285716
2023-04-13,-0.1467087142857143
2023-04-14,-0.14773107142857145
2023-04-15,-0.14875342857142856
2023-04-16,-0.1497757857142857
2023-04-17,-0.15079814285714285
2023-04-18,-0.1518205
2023-04-19,-0.15241649999999998
2023-04-20,-0.1530125
2023-04-21,-0.15360849999999998
2023-04-22,-0.1542045
2023-04-23,-0.15480049999999998
2023-04-24,-0.1553965
2023-04-25,-0.15599249999999998
2023-04-26,-0.1551257857142857
2023-04-27,-0.1542590714285714
2023-04-28,-0.15339235714285712
2023-04-29,-0.15252564285714285
2023-04-30,-0.15165892857142857
2023-05-01,-0.15079221428571427
2023-05-02,-0.1499255
2023-05-03,-0.14926164285714286
2023-05-04,-0.1485977857142857
2023-05-05,-0.14793392857142856
2023-05-06,-0.14727007142857143
2023-05-07,-0.1466062142857143
2023-05-08,-0.14594235714285714
2023-05-09,-0.1452785
2023-05-10,-0.14543035714285715
2023-05-11,-0.1455822142857143
2023-05-12,-0.14573407142857145
2023-05-13,-0.14588592857142857
2023-05-14,-0.14603778571428572
2023-05-15,-0.14618964285714287
2023-05-16,-0.1463415
2023-05-17,-0.14783028571428572
2023-05-18,-0.14931907142857143
2023-05-19,-0.15080785714285713
2023-05-20,-0.15229664285714287
2023-05-21,-0.15378542857142857
2023-05-22,-0.15527421428571428
2023-05-23,-0.15676299999999999
2023-05-24,-0.15757542857142856
2023-05-25,-0.15838785714285714
2023-05-26,-0.1592002857142857
2023-05-27,-0.16001271428571429
2023-05-28,-0.16082514285714286
2023-05-29,-0.16163757142857144
2023-05-30,-0.16245
2023-05-31,-0.1631015
2023-06-01,-0.163753
2023-06-02,-0.1644045
2023-06-03,-0.165056
2023-06-04,-0.1657075
2023-06-05,-0.166359
2023-06-06,-0.1670105
2023-06-07,-0.16363550000000002
2023-06-08,-0.1602605
2023-06-09,-0.1568855
2023-06-10,-0.1535105
2023-06-11,-0.1501355
2023-06-12,-0.14676050000000002
2023-06-13,-0.1433855
2023-06-14,-0.14331564285714285
2023-06-15,-0.14324578571428573
2023-06-16,-0.14317592857142858
2023-06-17,-0.14310607142857143
2023-06-18,-0.14303621428571428
2023-06-19,-0.14296635714285716
2023-06-20,-0.1428965
2023-06-21,-0.1412152142857143
2023-06-22,-0.13953392857142857
2023-06-23,-0.13785264285714285
2023-06-24,-0.13617135714285716
2023-06-25,-0.13449007142857144
2023-06-26,-0.13280878571428573
2023-06-27,-0.1311275
2023-06-28,-0.13137185714285715
2023-06-29,-0.1316162142857143
2023-06-30,-0.13186057142857144
2023-07-01,-0.13210492857142858
2023-07-02,-0.13234928571428572
2023-07-03,-0.13259364285714287
2023-07-04,-0.132838
2023-07-05,-0.12971457142857143
2023-07-06,-0.12659114285714287
2023-07-07,-0.12346771428571429
2023-07-08,-0.12034428571428571
2023-07-09,-0.11722085714285714
2023-07-10,-0.11409742857142857
2023-07-11,-0.11097399999999999
2023-07-12,-0.11068842857142856
2023-07-13,-0.11040285714285714
2023-07-14,-0.11011728571428571
2023-07-15,-0.10983171428571428
2023-07-16,-0.10954614285714286
2023-07-17,-0.10926057142857143
2023-07-18,-0.108975
2023-07-19,-0.10859614285714286
2023-07-20,-0.10821728571428571
2023-07-21,-0.10783842857142857
2023-07-22,-0.10745957142857143
2023-07-23,-0.10708071428571429
2023-07-24,-0.10670185714285714
2023-07-25,-0.106323
2023-07-26,-0.10672528571428572
2023-07-27,-0.10712757142857143
2023-07-28,-0.10752985714285715
2023-07-29,-0.10793214285714285
2023-07-30,-0.10833442857142857
2023-07-31,-0.10873671428571428
2023-08-01,-0.109139
2023-08-02,-0.10924378571428571
2023-08-03,-0.10934857142857143
2023-08-04,-0.10945335714285714
2023-08-05,-0.10955814285714287
2023-08-06,-0.10966292857142858
2023-08-07,-0.1097677142857143
2023-08-08,-0.10987250000000001
2023-08-09,-0.10914492857142859
2023-08-10,-0.10841735714285715
2023-08-11,-0.10768978571428572
2023-08-12,-0.10696221428571429
2023-08-13,-0.10623464285714286
2023-08-14,-0.10550707142857142
2023-08-15,-0.1047795
2023-08-16,-0.10357508571428571
2023-08-17,-0.10237067142857142
2023-08-18,-0.10116625714285714
2023-08-19,-0.09996184285714287
2023-08-20,-0.09875742857142858
2023-08-21,-0.09755301428571429
2023-08-22,-0.0963486
2023-08-23,-0.09660412142857143
2023-08-24,-0.09685964285714287
2023-08-25,-0.09711516428571429
2023-08-26,-0.09737068571428571
2023-08-27,-0.09762620714285714
2023-08-28,-0.09788172857142857
2023-08-29,-0.09813725
2023-08-30,-0.10146835714285714
2023-08-31,-0.10479946428571428
2023-09-01,-0.10813057142857142
2023-09-02,-0.11146167857142858
2023-09-03,-0.11479278571428572
2023-09-04,-0.11812389285714286
2023-09-05,-0.12145500000000001
2023-09-06,-0.12119100000000001
2023-09-07,-0.120927
2023-09-08,-0.120663
2023-09-09,-0.120399
2023-09-10,-0.120135
2023-09-11,-0.119871
2023-09-12,-0.119607
2023-09-13,-0.11752671428571429
2023-09-14,-0.11544642857142857
2023-09-15,-0.11336614285714286
2023-09-16,-0.11128585714285714
2023-09-17,-0.10920557142857143
2023-09-18,-0.10712528571428571
2023-09-19,-0.105045
2023-09-20,-0.10419447142857143
2023-09-21,-0.10334394285714285
2023-09-22,-0.10249341428571428
2023-09-23,-0.10164288571428572
2023-09-24,-0.10079235714285714
2023-09-25,-0.09994182857142857
2023-09-26,-0.0990913
2023-09-27,-0.09844794285714285
2023-09-28,-0.09780458571428571
2023-09-29,-0.09716122857142857
2023-09-30,-0.09651787142857142
2023-10-01,-0.09587451428571428
2023-10-02,-0.09523115714285714
2023-10-03,-0.0945878
2023-10-04,-0.0946911
2023-10-05,-0.0947944
2023-10-06,-0.0948977
2023-10-07,-0.095001
2023-10-08,-0.0951043
2023-10-09,-0.0952076
2023-10-10,-0.0953109
2023-10-11,-0.09597621428571429
2023-10-12,-0.09664152857142858
2023-10-13,-0.09730684285714286
2023-10-14,-0.09797215714285715
2023-10-15,-0.09863747142857143
2023-10-16,-0.09930278571428572
2023-10-17,-0.0999681
2023-10-18,-0.09681880000000001
2023-10-19,-0.0936695
2023-10-20,-0.09052020000000001
2023-10-21,-0.0873709
2023-10-22,-0.08422160000000001
2023-10-23,-0.08107230000000001
2023-10-24,-0.077923
2023-10-25,-0.07761833571428572
2023-10-26,-0.07731367142857143
2023-10-27,-0.07700900714285715
2023-10-28,-0.07670434285714287
2023-10-29,-0.07639967857142858
2023-10-30,-0.07609501428571429
2023-10-31,-0.07579035
2023-11-01,-0.07487862142857143
2023-11-02,-0.07396689285714286
2023-11-03,-0.07305516428571429
2023-11-04,-0.07214343571428572
2023-11-05,-0.07123170714285715
2023-11-06,-0.07031997857142858
2023-11-07,-0.06940825
2023-11-08,-0.06862169285714285
2023-11-09,-0.06783513571428572
2023-11-10,-0.06704857857142857
2023-11-11,-0.06626202142857143
2023-11-12,-0.06547546428571428
2023-11-13,-0.06468890714285715
2023-11-14,-0.06390235
2023-11-15,-0.0625500857142857
2023-11-16,-0.06119782142857143
2023-11-17,-0.05984555714285714
2023-11-18,-0.05849329285714286
2023-11-19,-0.05714102857142857
2023-11-20,-0.05578876428571428
2023-11-21,-0.0544365
2023-11-22,-0.05562589285714285
2023-11-23,-0.056815285714285714
2023-11-24,-0.05800467857142857
2023-11-25,-0.05919407142857142
2023-11-26,-0.06038346428571428
2023-11-27,-0.06157285714285714
2023-11-28,-0.06276224999999999
2023-11-29,-0.06315738571428571
2023-11-30,-0.06355252142857143
2023-12-01,-0.06394765714285715
2023-12-02,-0.06434279285714285
2023-12-03,-0.06473792857142857
2023-12-04,-0.06513306428571429
2023-12-05,-0.06552820000000001
2023-12-06,-0.06415370714285715
2023-12-07,-0.0627792142857143
2023-12-08,-0.06140472142857144
2023-12-09,-0.060030228571428576
2023-12-10,-0.05865573571428572
2023-12-11,-0.05728124285714287
2023-12-12,-0.055906750000000005
2023-12-13,-0.053118971428571436
2023-12-14,-0.05033119285714286
2023-12-15,-0.04754341428571429
2023-12-16,-0.044755635714285716
2023-12-17,-0.04196785714285715
2023-12-18,-0.03918007857142858
2023-12-19,-0.0363923
2023-12-20,-0.03600285
2023-12-21,-0.0356134
2023-12-22,-0.035223950000000004
2023-12-23,-0.0348345
2023-12-24,-0.03444505
2023-12-25,-0.0340556
2023-12-26,-0.03366615
2023-12-27,-0.03744493571428571
2023-12-28,-0.041223721428571426
2023-12-29,-0.04500250714285714
2023-12-30,-0.048781292857142854
2023-12-31,-0.05256007857142857
2024-01-01,-0.05633886428571428
2024-01-02,-0.060117649999999995
2024-01-03,-0.06417964285714285
2024-01-04,-0.06824163571428571
2024-01-05,-0.07230362857142857
2024-01-06,-0.07636562142857142
2024-01-07,-0.0804276142857143
2024-01-08,-0.08448960714285715
2024-01-09,-0.08855160000000001
2024-01-10,-0.08972204285714286
2024-01-11,-0.09089248571428572
2024-01-12,-0.09206292857142857
2024-01-13,-0.09323337142857144
2024-01-14,-0.09440381428571429
2024-01-15,-0.09557425714285715
2024-01-16,-0.0967447
2024-01-17,-0.09493179285714286
2024-01-18,-0.09311888571428571
2024-01-19,-0.09130597857142857
2024-01-20,-0.08949307142857144
2024-01-21,-0.08768016428571429
2024-01-22,-0.08586725714285715
2024-01-23,-0.08405435
2024-01-24,-0.08298514285714285
2024-01-25,-0.08191593571428571
2024-01-26,-0.08084672857142856
2024-01-27,-0.07977752142857143
2024-01-28,-0.07870831428571429
2024-01-29,-0.07763910714285714
2024-01-30,-0.0765699
2024-01-31,-0.08032462857142857
2024-02-01,-0.08407935714285714
2024-02-02,-0.0878340857142857
2024-02-03,-0.09158881428571428
2024-02-04,-0.09534354285714286
2024-02-05,-0.09909827142857143
2024-02-06,-0.102853
2024-02-07,-0.10218237142857142
2024-02-08,-0.10151174285714286
2024-02-09,-0.10084111428571428
2024-02-10,-0.10017048571428572
2024-02-11,-0.09949985714285714
2024-02-12,-0.09882922857142858
2024-02-13,-0.0981586
2024-02-14,-0.09791327857142856
2024-02-15,-0.09766795714285714
2024-02-16,-0.09742263571428571
2024-02-17,-0.09717731428571429
2024-02-18,-0.09693199285714285
2024-02-19,-0.09668667142857143
2024-02-20,-0.09644135
2024-02-21,-0.09608938571428571
2024-02-22,-0.09573742142857142
2024-02-23,-0.09538545714285714
2024-02-24,-0.09503349285714285
2024-02-25,-0.09468152857142857
2024-02-26,-0.09432956428571428
2024-02-27,-0.0939776
2024-02-28,-0.09376807142857142
2024-02-29,-0.09355854285714285
2024-03-01,-0.09334901428571428
2024-03-02,-0.09313948571428572
2024-03-03,-0.09292995714285715
2024-03-04,-0.09272042857142858
2024-03-05,-0.09251090000000001
2024-03-06,-0.09256494285714287
2024-03-07,-0.09261898571428571
2024-03-08,-0.09267302857142858
2024-03-09,-0.09272707142857144
2024-03-10,-0.0927811142857143
2024-03-11,-0.09283515714285714
2024-03-12,-0.0928892
2024-03-13,-0.08867316428571428
2024-03-14,-0.08445712857142858
2024-03-15,-0.08024109285714286
2024-03-16,-0.07602505714285715
2024-03-17,-0.07180902142857143
2024-03-18,-0.06759298571428572
2024-03-19,-0.06337695
2024-03-20,-0.06475891428571429
2024-03-21,-0.06614087857142857
2024-03-22,-0.06752284285714286
2024-03-23,-0.06890480714285714
2024-03-24,-0.07028677142857143
2024-03-25,-0.07166873571428571
2024-03-26,-0.0730507
2024-03-27,-0.07300105714285714
2024-03-28,-0.07295141428571428
2024-03-29,-0.07290177142857142
2024-03-30,-0.07285212857142857
2024-03-31,-0.07280248571428571
2024-04-01,-0.07275284285714285
2024-04-02,-0.0727032
2024-04-03,-0.07265660714285714
2024-04-04,-0.07261001428571429
2024-04-05,-0.07256342142857143
2024-04-06,-0.07251682857142856
2024-04-07,-0.07247023571428571
2024-04-08,-0.07242364285714285
2024-04-09,-0.07237705
2024-04-10,-0.07190461428571428
2024-04-11,-0.07143217857142857
2024-04-12,-0.07095974285714285
2024-04-13,-0.07048730714285714
2024-04-14,-0.07001487142857142
2024-04-15,-0.06954243571428571
2024-04-16,-0.06906999999999999
2024-04-17,-0.06686596428571429
2024-04-18,-0.06466192857142856
2024-04-19,-0.06245789285714286
2024-04-20,-0.060253857142857144
2024-04-21,-0.05804982142857143
2024-04-22,-0.055845785714285716
2024-04-23,-0.05364175
2024-04-24,-0.05456314285714286
2024-04-25,-0.055484535714285715
2024-04-26,-0.05640592857142857
2024-04-27,-0.05732732142857143
2024-04-28,-0.058248714285714286
2024-04-29,-0.05917010714285714
2024-04-30,-0.0600915
2024-05-01,-0.06204572857142857
2024-05-02,-0.06399995714285714
2024-05-03,-0.06595418571428571
2024-05-04,-0.06790841428571429
2024-05-05,-0.06986264285714286
2024-05-06,-0.07181687142857143
2024-05-07,-0.0737711
2024-05-08,-0.07489835714285716
2024-05-09,-0.07602561428571429
2024-05-10,-0.07715287142857144
2024-05-11,-0.07828012857142858
2024-05-12,-0.07940738571428572
2024-05-13,-0.08053464285714286
2024-05-14,-0.08166190000000001
2024-05-15,-0.08196495000000001
2024-05-16,-0.08226800000000001
2024-05-17,-0.082571050000000007
2024-05-18,-0.0828741
2024-05-19,-0.08317715
2024-05-20,-0.0834802
2024-05-21,-0.08378325
2024-05-22,-0.0808606
2024-05-23,-0.07793795
2024-05-24,-0.07501530000000001
2024-05-25,-0.07209265000000001
2024-05-26,-0.06917000000000001
2024-05-27,-0.06624735000000001
2024-05-28,-0.06332470000000001
2024-05-29,-0.06527725714285715
2024-05-30,-0.0672298142857143
2024-05-31,-0.06918237142857143
2024-06-01,-0.07113492857142857
2024-06-02,-0.07308748571428572
2024-06-03,-0.07504004285714286
2024-06-04,-0.0769926
2024-06-05,-0.07546649999999999
2024-06-06,-0.0739404
2024-06-07,-0.0724143
2024-06-08,-0.0708882
2024-06-09,-0.0693621
2024-06-10,-0.06783600000000001
2024-06-11,-0.0663099
2024-06-12,-0.06695293571428572
2024-06-13,-0.06759597142857143
2024-06-14,-0.06823900714285715
2024-06-15,-0.06888204285714286
2024-06-16,-0.06952507857142858
2024-06-17,-0.07016811428571429
2024-06-18,-0.07081115
2024-06-19,-0.07245805714285715
2024-06-20,-0.07410496428571428
2024-06-21,-0.07575187142857143
2024-06-22,-0.07739877857142857
2024-06-23,-0.07904568571428572
2024-06-24,-0.08069259285714285
2024-06-25,-0.0823395
2024-06-26,-0.08193467857142857
2024-06-27,-0.08152985714285714
2024-06-28,-0.08112503571428571
2024-06-29,-0.08072021428571428
2024-06-30,-0.08031539285714286
2024-07-01,-0.07991057142857143
2024-07-02,-0.07950575
2024-07-03,-0.08308735714285714
2024-07-04,-0.08666896428571429
2024-07-05,-0.09025057142857143
2024-07-06,-0.09383217857142857
2024-07-07,-0.09741378571428572
2024-07-08,-0.10099539285714286
2024-07-09,-0.104577
2024-07-10,-0.10542321428571429
2024-07-11,-0.10626942857142857
2024-07-12,-0.10711564285714285
2024-07-13,-0.10796185714285715
2024-07-14,-0.10880807142857143
2024-07-15,-0.10965428571428572
2024-07-16,-0.1105005
2024-07-17,-0.11127214285714286
2024-07-18,-0.11204378571428572
2024-07-19,-0.11281542857142858
2024-07-20,-0.11358707142857143
2024-07-21,-0.11435871428571429
2024-07-22,-0.11513035714285715
2024-07-23,-0.115902
2024-07-24,-0.11705757142857143
2024-07-25,-0.11821314285714286
2024-07-26,-0.11936871428571429
2024-07-27,-0.12052428571428571
2024-07-28,-0.12167985714285713
2024-07-29,-0.12283542857142857
2024-07-30,-0.12399099999999999
2024-07-31,-0.12254764285714285
2024-08-01,-0.1211042857142857
2024-08-02,-0.11966092857142857
2024-08-03,-0.11821757142857142
2024-08-04,-0.11677421428571429
2024-08-05,-0.11533085714285715
2024-08-06,-0.1138875
2024-08-07,-0.11331721428571429
2024-08-08,-0.11274692857142858
2024-08-09,-0.11217664285714286
2024-08-10,-0.11160635714285715
2024-08-11,-0.11103607142857143
2024-08-12,-0.11046578571428572
2024-08-13,-0.10989550000000001
2024-08-14,-0.1097767142857143
2024-08-15,-0.10965792857142857
2024-08-16,-0.10953914285714286
2024-08-17,-0.10942035714285714
2024-08-18,-0.10930157142857143
2024-08-19,-0.1091827857142857
2024-08-20,-0.109064
2024-08-21,-0.11212871428571428
2024-08-22,-0.11519342857142857
2024-08-23,-0.11825814285714285
2024-08-24,-0.12132285714285714
2024-08-25,-0.12438757142857143
2024-08-26,-0.1274522857142857
2024-08-27,-0.130517
2024-08-28,-0.13177178571428572
2024-08-29,-0.1330265714285714
2024-08-30,-0.13428135714285713
2024-08-31,-0.13553614285714286
2024-09-01,-0.13679092857142858
2024-09-02,-0.13804571428571427
2024-09-03,-0.1393005
2024-09-04,-0.13972264285714286
2024-09-05,-0.1401447857142857
2024-09-06,-0.14056692857142858
2024-09-07,-0.14098907142857142
2024-09-08,-0.1414112142857143
2024-09-09,-0.14183335714285714
2024-09-10,-0.1422555
2024-09-11,-0.13728300000000002
2024-09-12,-0.1323105
2024-09-13,-0.127338
2024-09-14,-0.1223655
2024-09-15,-0.117393
2024-09-16,-0.1124205
2024-09-17,-0.107448
2024-09-18,-0.10786007142857143
2024-09-19,-0.10827214285714286
2024-09-20,-0.10868421428571429
2024-09-21,-0.10909628571428572
2024-09-22,-0.10950835714285714
2024-09-23,-0.10992042857142857
2024-09-24,-0.1103325
2024-09-25,-0.11345807142857144
2024-09-26,-0.11658364285714286
2024-09-27,-0.1197092142857143
2024-09-28,-0.12283478571428572
2024-09-29,-0.12596035714285714
2024-09-30,-0.1290859285714286
2024-10-01,-0.1322115
2024-10-02,-0.12777892857142858
2024-10-03,-0.12334635714285716
2024-10-04,-0.11891378571428572
2024-10-05,-0.1144812142857143
2024-10-06,-0.11004864285714286
2024-10-07,-0.10561607142857143
2024-10-08,-0.10118350000000001
2024-10-09,-0.102119
2024-10-10,-0.10305450000000001
2024-10-11,-0.10399
2024-10-12,-0.1049255
2024-10-13,-0.105861
2024-10-14,-0.1067965
2024-10-15,-0.107732
2024-10-16,-0.10872964285714286
2024-10-17,-0.10972728571428571
2024-10-18,-0.11072492857142857
2024-10-19,-0.11172257142857142
2024-10-20,-0.11272021428571428
2024-10-21,-0.11371785714285713
2024-10-22,-0.1147155
2024-10-23,-0.1144875
2024-10-24,-0.1142595
2024-10-25,-0.11403150000000001
2024-10-26,-0.1138035
2024-10-27,-0.11357550000000001
2024-10-28,-0.1133475
2024-10-29,-0.11311950000000001
2024-10-30,-0.11070922142857144
2024-10-31,-0.10829894285714287
2024-11-01,-0.10588866428571429
2024-11-02,-0.10347838571428572
2024-11-03,-0.10106810714285715
2024-11-04,-0.09865782857142857
2024-11-05,-0.09624755
2024-11-06,-0.0966063
2024-11-07,-0.09696505
2024-11-08,-0.0973238
2024-11-09,-0.09768255
2024-11-10,-0.09804130000000001
2024-11-11,-0.09840005
2024-11-12,-0.09875880000000001
2024-11-13,-0.09847689285714287
2024-11-14,-0.09819498571428571
2024-11-15,-0.09791307857142857
2024-11-16,-0.09763117142857143
2024-11-17,-0.09734926428571429
2024-11-18,-0.09706735714285714
2024-11-19,-0.09678545
2024-11-20,-0.09602340714285713
2024-11-21,-0.09526136428571429
2024-11-22,-0.09449932142857143
2024-11-23,-0.09373727857142858
2024-11-24,-0.09297523571428572
2024-11-25,-0.09221319285714287
2024-11-26,-0.09145115000000001
2024-11-27,-0.09180395000000001
2024-11-28,-0.09215675000000001
2024-11-29,-0.09250955000000001
2024-11-30,-0.09286235
2024-12-01,-0.09321515
2024-12-02,-0.09356795
2024-12-03,-0.09392075
2024-12-04,-0.0936236
2024-12-05,-0.09332644999999999
2024-12-06,-0.0930293
2024-12-07,-0.09273215
2024-12-08,-0.092435
2024-12-09,-0.09213785
2024-12-10,-0.0918407
2024-12-11,-0.09146660714285713
2024-12-12,-0.091092514285714285
2024-12-13,-0.09071842142857142
2024-12-14,-0.09034432857142857
2024-12-15,-0.08997023571428571
2024-12-16,-0.08959614285714286
2024-12-17,-0.08922205
2024-12-18,-0.08880682857142858
2024-12-19,-0.08839160714285714
2024-12-20,-0.08797638571428572
2024-12-21,-0.08756116428571428
2024-12-22,-0.08714594285714286
2024-12-23,-0.08673072142857143
2024-12-24,-0.0863155
2024-12-25,-0.08676368571428572
2024-12-26,-0.08721187142857142
2024-12-27,-0.08766005714285714
2024-12-28,-0.08810824285714286
2024-12-29,-0.08855642857142858
2024-12-30,-0.08900461428571428
2024-12-31,-0.0894528
2025-01-01,-0.09021677142857143
2025-01-02,-0.09098074285714286
2025-01-03,-0.09174471428571429
2025-01-04,-0.09250868571428571
2025-01-05,-0.09327265714285714
2025-01-06,-0.09403662857142857
2025-01-07,-0.0948006
2025-01-08,-0.09523241428571429
2025-01-09,-0.09566422857142858
2025-01-10,-0.09609604285714286
2025-01-11,-0.09652785714285714
2025-01-12,-0.09695967142857143
2025-01-13,-0.09739148571428571
2025-01-14,-0.0978233
2025-01-15,-0.09767905714285714
2025-01-16,-0.09753481428571428
2025-01-17,-0.09739057142857142
2025-01-18,-0.09724632857142858
2025-01-19,-0.09710208571428572
2025-01-20,-0.09695784285714286
2025-01-21,-0.0968136
2025-01-22,-0.09617519285714286
2025-01-23,-0.09553678571428571
2025-01-24,-0.09489837857142858
2025-01-25,-0.09425997142857143
2025-01-26,-0.09362156428571429
2025-01-27,-0.09298315714285714
2025-01-28,-0.09234475
2025-01-29,-0.09327597142857143
2025-01-30,-0.09420719285714287
2025-01-31,-0.09513841428571429
2025-02-01,-0.09606963571428571
2025-02-02,-0.09700085714285714
2025-02-03,-0.09793207857142858
2025-02-04,-0.0988633
2025-02-05,-0.09767067857142857
2025-02-06,-0.09647805714285715
2025-02-07,-0.09528543571428572
2025-02-08,-0.09409281428571428
2025-02-09,-0.09290019285714285
2025-02-10,-0.09170757142857143
2025-02-11,-0.09051495
2025-02-12,-0.09031745714285715
2025-02-13,-0.09011996428571428
2025-02-14,-0.08992247142857143
2025-02-15,-0.08972497857142857
2025-02-16,-0.08952748571428572
2025-02-17,-0.08932999285714285
2025-02-18,-0.0891325
2025-02-19,-0.08736374285714286
2025-02-20,-0.08559498571428571
2025-02-21,-0.08382622857142857
2025-02-22,-0.08205747142857142
2025-02-23,-0.08028871428571428
2025-02-24,-0.07851995714285714
2025-02-25,-0.07675119999999999
2025-02-26,-0.07489927142857142
2025-02-27,-0.07304734285714286
2025-02-28,-0.07119541428571428
2025-03-01,-0.06934348571428571
2025-03-02,-0.06749155714285714
2025-03-03,-0.06563962857142858
2025-03-04,-0.0637877
2025-03-05,-0.06331674285714287
2025-03-06,-0.06284578571428572
2025-03-07,-0.06237482857142857
2025-03-08,-0.061903871428571434
2025-03-09,-0.06143291428571429
2025-03-10,-0.06096195714285715
2025-03-11,-0.060491
2025-03-12,-0.06102656428571429
2025-03-13,-0.06156212857142857
2025-03-14,-0.06209769285714286
2025-03-15,-0.06263325714285714
2025-03-16,-0.06316882142857143
2025-03-17,-0.06370438571428572
2025-03-18,-0.06423995
2025-03-19,-0.06578141428571428
2025-03-20,-0.06732287857142857
2025-03-21,-0.06886434285714285
2025-03-22,-0.07040580714285714
2025-03-23,-0.07194727142857142
2025-03-24,-0.07348873571428571
2025-03-25,-0.07503019999999999
2025-03-26,-0.07554197857142857
2025-03-27,-0.07605375714285714
2025-03-28,-0.07656553571428572
2025-03-29,-0.07707731428571428
2025-03-30,-0.07758909285714286
2025-03-31,-0.07810087142857143
2025-04-01,-0.07861265
2025-04-02,-0.07987407142857143
2025-04-03,-0.08113549285714286
2025-04-04,-0.08239691428571429
2025-04-05,-0.08365833571428571
2025-04-06,-0.08491975714285714
2025-04-07,-0.08618117857142857
2025-04-08,-0.0874426
2025-04-09,-0.08778263571428571
2025-04-10,-0.08812267142857143
2025-04-11,-0.08846270714285714
2025-04-12,-0.08880274285714285
2025-04-13,-0.08914277857142856
2025-04-14,-0.08948281428571428
2025-04-15,-0.08982285
2025-04-16,-0.0902949357142857
2025-04-17,-0.09076702142857143
2025-04-18,-0.09123910714285714
2025-04-19,-0.09171119285714285
2025-04-20,-0.09218327857142856
2025-04-21,-0.09265536428571429
2025-04-22,-0.09312745
2025-04-23,-0.09453517142857143
2025-04-24,-0.09594289285714286
2025-04-25,-0.09735061428571429
2025-04-26,-0.09875833571428572
2025-04-27,-0.10016605714285715
2025-04-28,-0.10157377857142857
2025-04-29,-0.1029815
2025-04-30,-0.10400021428571429
2025-05-01,-0.10501892857142857
2025-05-02,-0.10603764285714286
2025-05-03,-0.10705635714285715
2025-05-04,-0.10807507142857144
2025-05-05,-0.10909378571428571
2025-05-06,-0.1101125
2025-05-07,-0.11078021428571429
2025-05-08,-0.11144792857142857
2025-05-09,-0.11211564285714286
2025-05-10,-0.11278335714285714
2025-05-11,-0.11345107142857143
2025-05-12,-0.11411878571428571
2025-05-13,-0.1147865
2025-05-14,-0.114618
2025-05-15,-0.1144495
2025-05-16,-0.114281
2025-05-17,-0.1141125
2025-05-18,-0.113944
2025-05-19,-0.1137755
2025-05-20,-0.113607
2025-05-21,-0.1143025
2025-05-22,-0.114998
2025-05-23,-0.1156935
2025-05-24,-0.11638899999999999
2025-05-25,-0.1170845
2025-05-26,-0.11778
2025-05-27,-0.1184755
2025-05-28,-0.11935171428571428
2025-05-29,-0.12022792857142857
2025-05-30,-0.12110414285714285
2025-05-31,-0.12198035714285714
2025-06-01,-0.12285657142857143
2025-06-02,-0.12373278571428571
2025-06-03,-0.124609
2025-06-04,-0.12411964285714286
2025-06-05,-0.1236302857142857
2025-06-06,-0.12314092857142857
2025-06-07,-0.12265157142857143
2025-06-08,-0.12216221428571429
2025-06-09,-0.12167285714285714
2025-06-10,-0.1211835
