date,f
2017-01-01,0.1459531792857143
2017-01-02,0.14671914214285714
2017-01-03,0.147485105
2017-01-04,0.14758560285714287
2017-01-05,0.14768610071428573
2017-01-06,0.1477865985714286
2017-01-07,0.14788709642857142
2017-01-08,0.14798759428571429
2017-01-09,0.14808809214285715
2017-01-10,0.14818859
2017-01-11,0.14805620857142857
2017-01-12,0.14792382714285715
2017-01-13,0.1477914457142857
2017-01-14,0.1476590642857143
2017-01-15,0.14752668285714285
2017-01-16,0.14739430142857143
2017-01-17,0.14726192
2017-01-18,0.14724608285714286
2017-01-19,0.1472302457142857
2017-01-20,0.14721440857142856
2017-01-21,0.14719857142857143
2017-01-22,0.1471827342857143
2017-01-23,0.14716689714285713
2017-01-24,0.14715106
2017-01-25,0.14666860857142858
2017-01-26,0.14618615714285715
2017-01-27,0.14570370571428573
2017-01-28,0.14522125428571428
2017-01-29,0.14473880285714286
2017-01-30,0.14425635142857143
2017-01-31,0.1437739
2017-02-01,0.14397300000000002
2017-02-02,0.1441721
2017-02-03,0.1443712
2017-02-04,0.1445703
2017-02-05,0.14476940000000002
2017-02-06,0.1449685
2017-02-07,0.1451676
2017-02-08,0.14514787214285715
2017-02-09,0.1451281442857143
2017-02-10,0.14510841642857145
2017-02-11,0.14508868857142856
2017-02-12,0.1450689607142857
2017-02-13,0.14504923285714286
2017-02-14,0.145029505
2017-02-15,0.14495300142857143
2017-02-16,0.14487649785714285
2017-02-17,0.14479999428571427
2017-02-18,0.14472349071428572
2017-02-19,0.14464698714285715
2017-02-20,0.14457048357142857
2017-02-21,0.14449398
2017-02-22,0.1434461507142857
2017-02-23,0.14239832142857142
2017-02-24,0.14135049214285714
2017-02-25,0.14030266285714288
2017-02-26,0.1392548335714286
2017-02-27,0.1382070042857143
2017-02-28,0.13715917500000002
2017-03-01,0.13755728785714288
2017-03-02,0.13795540071428572
2017-03-03,0.13835351357142858
2017-03-04,0.13875162642857145
2017-03-05,0.1391497392857143
2017-03-06,0.13954785214285714
2017-03-07,0.139945965
2017-03-08,0.13967439357142858
2017-03-09,0.13940282214285715
2017-03-10,0.13913125071428573
2017-03-11,0.1388596792857143
2017-03-12,0.13858810785714287
2017-03-13,0.13831653642857145
2017-03-14,0.13804496500000002
2017-03-15,0.13812129142857144
2017-03-16,0.13819761785714288
2017-03-17,0.1382739442857143
2017-03-18,0.1383502707142857
2017-03-19,0.13842659714285713
2017-03-20,0.13850292357142857
2017-03-21,0.13857925
2017-03-22,0.1383218314285714
2017-03-23,0.13806441285714285
2017-03-24,0.13780699428571427
2017-03-25,0.1375495757142857
2017-03-26,0.1372921571428571
2017-03-27,0.13703473857142856
2017-03-28,0.13677731999999998
2017-03-29,0.13655124214285713
2017-03-30,0.13632516428571426
2017-03-31,0.1360990864285714
2017-04-01,0.13587300857142856
2017-04-02,0.1356469307142857
2017-04-03,0.13542085285714284
2017-04-04,0.135194775
2017-04-05,0.13645735357142857
2017-04-06,0.13771993214285713
2017-04-07,0.13898251071428572
2017-04-08,0.14024508928571428
2017-04-09,0.14150766785714286
2017-04-10,0.14277024642857142
2017-04-11,0.144032825
2017-04-12,0.1434465442857143
2017-04-13,0.14286026357142856
2017-04-14,0.14227398285714285
2017-04-15,0.14168770214285714
2017-04-16,0.14110142142857143
2017-04-17,0.1405151407142857
2017-04-18,0.13992886
2017-04-19,0.1385065457142857
2017-04-20,0.13708423142857143
2017-04-21,0.13566191714285714
2017-04-22,0.13423960285714284
2017-04-23,0.13281728857142855
2017-04-24,0.13139497428571428
2017-04-25,0.12997266
2017-04-26,0.1295064
2017-04-27,0.12904014
2017-04-28,0.12857388
2017-04-29,0.12810761999999998
2017-04-30,0.12764135999999998
2017-05-01,0.12717509999999999
2017-05-02,0.12670884
2017-05-03,0.12604654785714284
2017-05-04,0.12538425571428571
2017-05-05,0.12472196357142856
2017-05-06,0.12405967142857142
2017-05-07,0.12339737928571429
2017-05-08,0.12273508714285714
2017-05-09,0.122072795
2017-05-10,0.12194876928571428
2017-05-11,0.12182474357142857
2017-05-12,0.12170071785714286
2017-05-13,0.12157669214285713
2017-05-14,0.12145266642857142
2017-05-15,0.1213286407142857
2017-05-16,0.12120461499999999
2017-05-17,0.12035241285714285
2017-05-18,0.11950021071428571
2017-05-19,0.11864800857142857
2017-05-20,0.11779580642857142
2017-05-21,0.11694360428571428
2017-05-22,0.11609140214285714
2017-05-23,0.1152392
2017-05-24,0.11520637642857143
2017-05-25,0.11517355285714286
2017-05-26,0.11514072928571428
2017-05-27,0.11510790571428571
2017-05-28,0.11507508214285714
2017-05-29,0.11504225857142857
2017-05-30,0.115009435
2017-05-31,0.11361355071428571
2017-06-01,0.11221766642857142
2017-06-02,0.11082178214285714
2017-06-03,0.10942589785714286
2017-06-04,0.10803001357142858
2017-06-05,0.1066341292857143
2017-06-06,0.10523824500000001
2017-06-07,0.10516054785714286
2017-06-08,0.10508285071428572
2017-06-09,0.10500515357142857
2017-06-10,0.10492745642857143
2017-06-11,0.10484975928571429
2017-06-12,0.10477206214285714
2017-06-13,0.104694365
2017-06-14,0.10300656364285714
2017-06-15,0.10131876228571428
2017-06-16,0.09963096092857142
2017-06-17,0.09794315957142857
2017-06-18,0.09625535821428571
2017-06-19,0.09456755685714285
2017-06-20,0.0928797555
2017-06-21,0.09221365992857142
2017-06-22,0.09154756435714285
2017-06-23,0.09088146878571428
2017-06-24,0.09021537321428572
2017-06-25,0.08954927764285714
2017-06-26,0.08888318207142858
2017-06-27,0.0882170865
2017-06-28,0.08885578242857142
2017-06-29,0.08949447835714286
2017-06-30,0.09013317428571428
2017-07-01,0.09077187021428572
2017-07-02,0.09141056614285714
2017-07-03,0.09204926207142858
2017-07-04,0.092687958
2017-07-05,0.09109116778571429
2017-07-06,0.08949437757142857
2017-07-07,0.08789758735714286
2017-07-08,0.08630079714285714
2017-07-09,0.08470400692857143
2017-07-10,0.08310721671428571
2017-07-11,0.0815104265
2017-07-12,0.08139683057142857
2017-07-13,0.08128323464285714
2017-07-14,0.08116963871428572
2017-07-15,0.08105604278571428
2017-07-16,0.08094244685714286
2017-07-17,0.08082885092857142
2017-07-18,0.080715255
2017-07-19,0.08156446607142857
2017-07-20,0.08241367714285715
2017-07-21,0.08326288821428572
2017-07-22,0.08411209928571428
2017-07-23,0.08496131035714286
2017-07-24,0.08581052142857143
2017-07-25,0.0866597325
2017-07-26,0.08710956157142857
2017-07-27,0.08755939064285714
2017-07-28,0.08800921971428571
2017-07-29,0.08845904878571428
2017-07-30,0.08890887785714285
2017-07-31,0.08935870692857142
2017-08-01,0.089808536
2017-08-02,0.0901477245
2017-08-03,0.09048691299999999
2017-08-04,0.09082610149999999
2017-08-05,0.09116529
2017-08-06,0.0915044785
2017-08-07,0.09184366699999999
2017-08-08,0.0921828555
2017-08-09,0.09258273292857143
2017-08-10,0.09298261035714285
2017-08-11,0.09338248778571429
2017-08-12,0.0937823652142857
2017-08-13,0.09418224264285714
2017-08-14,0.09458212007142856
2017-08-15,0.0949819975
2017-08-16,0.09605492785714285
2017-08-17,0.09712785821428571
2017-08-18,0.09820078857142857
2017-08-19,0.099273718928571425
2017-08-20,0.10034664928571428
2017-08-21,0.10141957964285714
2017-08-22,0.10249251
2017-08-23,0.10145536392857142
2017-08-24,0.10041821785714285
2017-08-25,0.09938107178571427
2017-08-26,0.09834392571428571
2017-08-27,0.09730677964285714
2017-08-28,0.09626963357142856
2017-08-29,0.09523248749999999
2017-08-30,0.09389908121428571
2017-08-31,0.09256567492857141
2017-09-01,0.09123226864285713
2017-09-02,0.08989886235714285
2017-09-03,0.08856545607142857
2017-09-04,0.08723204978571428
2017-09-05,0.0858986435
2017-09-06,0.08658522421428572
2017-09-07,0.08727180492857142
2017-09-08,0.08795838564285714
2017-09-09,0.08864496635714286
2017-09-10,0.08933154707142858
2017-09-11,0.09001812778571429
2017-09-12,0.09070470850000001
2017-09-13,0.0906526215
2017-09-14,0.09060053450000001
2017-09-15,0.0905484475
2017-09-16,0.0904963605
2017-09-17,0.09044427349999999
2017-09-18,0.0903921865
2017-09-19,0.09034009949999999
2017-09-20,0.09052529457142856
2017-09-21,0.09071048964285713
2017-09-22,0.0908956847142857
2017-09-23,0.09108087978571429
2017-09-24,0.09126607485714286
2017-09-25,0.09145126992857143
2017-09-26,0.091636465
2017-09-27,0.09116632142857142
2017-09-28,0.09069617785714286
2017-09-29,0.09022603428571428
2017-09-30,0.08975589071428572
2017-10-01,0.08928574714285714
2017-10-02,0.08881560357142858
2017-10-03,0.08834546
2017-10-04,0.0853074315
2017-10-05,0.082269403
2017-10-06,0.079231374500000007
2017-10-07,0.076193346
2017-10-08,0.0731553175
2017-10-09,0.070117289
2017-10-10,0.0670792605
2017-10-11,0.06588353864285715
2017-10-12,0.06468781678571428
2017-10-13,0.06349209492857143
2017-10-14,0.062296373071428573
2017-10-15,0.06110065121428571
2017-10-16,0.05990492935714286
2017-10-17,0.0587092075
2017-10-18,0.05834714171428571
2017-10-19,0.057985075928571425
2017-10-20,0.05762301014285714
2017-10-21,0.05726094435714286
2017-10-22,0.05689887857142857
2017-10-23,0.056536812785714284
2017-10-24,0.056174747
2017-10-25,0.05465721842857143
2017-10-26,0.053139689857142854
2017-10-27,0.051622161285714285
2017-10-28,0.05010463271428571
2017-10-29,0.04858710414285714
2017-10-30,0.047069575571428574
2017-10-31,0.045552047
2017-11-01,0.04456902907142857
2017-11-02,0.043586011142857144
2017-11-03,0.04260299321428571
2017-11-04,0.04161997528571428
2017-11-05,0.04063695735714285
2017-11-06,0.03965393942857143
2017-11-07,0.0386709215
2017-11-08,0.03538782921428571
2017-11-09,0.03210473692857143
2017-11-10,0.028821644642857143
2017-11-11,0.025538552357142856
2017-11-12,0.022255460071428573
2017-11-13,0.01897236778571429
2017-11-14,0.015689275500000002
2017-11-15,0.01383934977857143
2017-11-16,0.011989424057142858
2017-11-17,0.010139498335714288
2017-11-18,0.008289572614285716
2017-11-19,0.0064396468928571435
2017-11-20,0.0045897211714285725
2017-11-21,0.00273979545
2017-11-22,-3.0564904285714206e-4
2017-11-23,-0.0033510935357142844
2017-11-24,-0.006396538028571427
2017-11-25,-0.009441982521428569
2017-11-26,-0.012487427014285712
2017-11-27,-0.015532871507142852
2017-11-28,-0.018578315999999997
2017-11-29,-0.0220589465
2017-11-30,-0.025539576999999997
2017-12-01,-0.0290202075
2017-12-02,-0.032500838
2017-12-03,-0.035981468499999995
2017-12-04,-0.039462099
2017-12-05,-0.0429427295
2017-12-06,-0.04470606214285714
2017-12-07,-0.04646939478571428
2017-12-08,-0.048232727428571424
2017-12-09,-0.04999606007142857
2017-12-10,-0.051759392714285715
2017-12-11,-0.05352272535714286
2017-12-12,-0.055286058
2017-12-13,-0.05865250907142857
2017-12-14,-0.06201896014285714
2017-12-15,-0.06538541121428572
2017-12-16,-0.06875186228571428
2017-12-17,-0.07211831335714286
2017-12-18,-0.07548476442857142
2017-12-19,-0.0788512155
2017-12-20,-0.079781801
2017-12-21,-0.0807123865
2017-12-22,-0.081642972
2017-12-23,-0.0825735575
2017-12-24,-0.083504143
2017-12-25,-0.0844347285
2017-12-26,-0.085365314
2017-12-27,-0.08708813942857142
2017-12-28,-0.08881096485714286
2017-12-29,-0.09053379028571429
2017-12-30,-0.09225661571428571
2017-12-31,-0.09397944114285714
2018-01-01,-0.09570226657142858
2018-01-02,-0.097425092
2018-01-03,-0.09778372471428572
2018-01-04,-0.09814235742857143
2018-01-05,-0.09850099014285714
2018-01-06,-0.09885962285714286
2018-01-07,-0.09921825557142858
2018-01-08,-0.09957688828571429
2018-01-09,-0.099935521
2018-01-10,-0.10071762942857143
2018-01-11,-0.10149973785714285
2018-01-12,-0.10228184628571428
2018-01-13,-0.10306395471428571
2018-01-14,-0.10384606314285715
2018-01-15,-0.10462817157142856
2018-01-16,-0.10541028
2018-01-17,-0.103978616
2018-01-18,-0.102546952
2018-01-19,-0.101115288
2018-01-20,-0.099683624
2018-01-21,-0.09825196
2018-01-22,-0.096820296
2018-01-23,-0.095388632
2018-01-24,-0.09874834814285714
2018-01-25,-0.10210806428571428
2018-01-26,-0.10546778042857143
2018-01-27,-0.10882749657142858
2018-01-28,-0.11218721271428572
2018-01-29,-0.11554692885714286
2018-01-30,-0.118906645
2018-01-31,-0.11984968142857143
2018-02-01,-0.12079271785714286
2018-02-02,-0.12173575428571429
2018-02-03,-0.12267879071428572
2018-02-04,-0.12362182714285715
2018-02-05,-0.12456486357142858
2018-02-06,-0.1255079
2018-02-07,-0.1285953792857143
2018-02-08,-0.13168285857142856
2018-02-09,-0.13477033785714285
2018-02-10,-0.13785781714285714
2018-02-11,-0.14094529642857143
2018-02-12,-0.1440327757142857
2018-02-13,-0.14712025499999998
2018-02-14,-0.14908629785714284
2018-02-15,-0.1510523407142857
2018-02-16,-0.15301838357142855
2018-02-17,-0.1549844264285714
2018-02-18,-0.15695046928571427
2018-02-19,-0.15891651214285712
2018-02-20,-0.16088255499999998
2018-02-21,-0.1620141314285714
2018-02-22,-0.16314570785714286
2018-02-23,-0.16427728428571428
2018-02-24,-0.1654088607142857
2018-02-25,-0.16654043714285713
2018-02-26,-0.16767201357142858
2018-02-27,-0.16880359
2018-02-28,-0.16916447714285715
2018-03-01,-0.1695253642857143
2018-03-02,-0.16988625142857144
2018-03-03,-0.17024713857142856
2018-03-04,-0.1706080257142857
2018-03-05,-0.17096891285714286
2018-03-06,-0.1713298
2018-03-07,-0.17291760357142857
2018-03-08,-0.17450540714285714
2018-03-09,-0.17609321071428571
2018-03-10,-0.17768101428571428
2018-03-11,-0.17926881785714285
2018-03-12,-0.18085662142857142
2018-03-13,-0.182444425
2018-03-14,-0.1824769157142857
2018-03-15,-0.1825094064285714
2018-03-16,-0.18254189714285712
2018-03-17,-0.18257438785714286
2018-03-18,-0.18260687857142857
2018-03-19,-0.18263936928571428
2018-03-20,-0.18267186
2018-03-21,-0.18096497928571428
2018-03-22,-0.17925809857142858
2018-03-23,-0.17755121785714287
2018-03-24,-0.17584433714285713
2018-03-25,-0.17413745642857142
2018-03-26,-0.17243057571428572
2018-03-27,-0.170723695
2018-03-28,-0.17295830714285715
2018-03-29,-0.1751929192857143
2018-03-30,-0.17742753142857143
2018-03-31,-0.17966214357142857
2018-04-01,-0.1818967557142857
2018-04-02,-0.18413136785714285
2018-04-03,-0.18636598
2018-04-04,-0.18636373642857143
2018-04-05,-0.18636149285714285
2018-04-06,-0.1863592492857143
2018-04-07,-0.1863570057142857
2018-04-08,-0.18635476214285715
2018-04-09,-0.18635251857142857
2018-04-10,-0.186350275
2018-04-11,-0.18527796214285716
2018-04-12,-0.18420564928571428
2018-04-13,-0.18313333642857144
2018-04-14,-0.18206102357142856
2018-04-15,-0.1809887107142857
2018-04-16,-0.17991639785714283
2018-04-17,-0.17884408499999999
2018-04-18,-0.17951055714285713
2018-04-19,-0.18017702928571427
2018-04-20,-0.18084350142857142
2018-04-21,-0.18150997357142856
2018-04-22,-0.1821764457142857
2018-04-23,-0.18284291785714285
2018-04-24,-0.18350939
2018-04-25,-0.18360432928571427
2018-04-26,-0.18369926857142857
2018-04-27,-0.18379420785714284
2018-04-28,-0.18388914714285715
2018-04-29,-0.18398408642857142
2018-04-30,-0.18407902571428572
2018-05-01,-0.184173965
2018-05-02,-0.18205445285714286
2018-05-03,-0.1799349407142857
2018-05-04,-0.17781542857142857
2018-05-05,-0.17569591642857144
2018-05-06,-0.1735764042857143
2018-05-07,-0.17145689214285714
2018-05-08,-0.16933738
2018-05-09,-0.16818078642857143
2018-05-10,-0.16702419285714287
2018-05-11,-0.1658675992857143
2018-05-12,-0.1647110057142857
2018-05-13,-0.16355441214285713
2018-05-14,-0.16239781857142857
2018-05-15,-0.161241225
2018-05-16,-0.15983726499999998
2018-05-17,-0.158433305
2018-05-18,-0.157029345
2018-05-19,-0.155625385
2018-05-20,-0.154221425
2018-05-21,-0.152817465
2018-05-22,-0.151413505
2018-05-23,-0.1519908642857143
2018-05-24,-0.15256822357142857
2018-05-25,-0.15314558285714286
2018-05-26,-0.15372294214285714
2018-05-27,-0.15430030142857143
2018-05-28,-0.15487766071428571
2018-05-29,-0.15545502
2018-05-30,-0.1550529242857143
2018-05-31,-0.15465082857142856
2018-06-01,-0.15424873285714286
2018-06-02,-0.15384663714285712
2018-06-03,-0.15344454142857142
2018-06-04,-0.15304244571428569
2018-06-05,-0.15264034999999998
2018-06-06,-0.15399219714285714
2018-06-07,-0.15534404428571427
2018-06-08,-0.15669589142857143
2018-06-09,-0.15804773857142856
2018-06-10,-0.15939958571428572
2018-06-11,-0.16075143285714286
2018-06-12,-0.16210328000000002
2018-06-13,-0.16091486285714288
2018-06-14,-0.15972644571428574
2018-06-15,-0.1585380285714286
2018-06-16,-0.15734961142857143
2018-06-17,-0.1561611942857143
2018-06-18,-0.15497277714285715
2018-06-19,-0.15378436
2018-06-20,-0.1523903157142857
2018-06-21,-0.15099627142857144
2018-06-22,-0.14960222714285715
2018-06-23,-0.14820818285714285
2018-06-24,-0.14681413857142855
2018-06-25,-0.14542009428571429
2018-06-26,-0.14402605
2018-06-27,-0.1430718057142857
2018-06-28,-0.14211756142857143
2018-06-29,-0.14116331714285715
2018-06-30,-0.14020907285714285
2018-07-01,-0.13925482857142857
2018-07-02,-0.1383005842857143
2018-07-03,-0.13734634
2018-07-04,-0.1355594507142857
2018-07-05,-0.13377256142857144
2018-07-06,-0.13198567214285714
2018-07-07,-0.13019878285714287
2018-07-08,-0.12841189357142857
2018-07-09,-0.1266250042857143
2018-07-10,-0.124838115
2018-07-11,-0.12235042428571428
2018-07-12,-0.11986273357142857
2018-07-13,-0.11737504285714286
2018-07-14,-0.11488735214285715
2018-07-15,-0.11239966142857144
2018-07-16,-0.10991197071428573
2018-07-17,-0.10742428000000001
2018-07-18,-0.10764849071428573
2018-07-19,-0.10787270142857143
2018-07-20,-0.10809691214285715
2018-07-21,-0.10832112285714286
2018-07-22,-0.10854533357142858
2018-07-23,-0.10876954428571428
2018-07-24,-0.108993755
2018-07-25,-0.1076438922142857
2018-07-26,-0.10629402942857143
2018-07-27,-0.10494416664285713
2018-07-28,-0.10359430385714286
2018-07-29,-0.10224444107142856
2018-07-30,-0.10089457828571428
2018-07-31,-0.09954471549999999
2018-08-01,-0.09911528757142857
2018-08-02,-0.09868585964285713
2018-08-03,-0.0982564317142857
2018-08-04,-0.09782700378571428
2018-08-05,-0.09739757585714286
2018-08-06,-0.09696814792857142
2018-08-07,-0.09653872
2018-08-08,-0.09634627057142857
2018-08-09,-0.09615382114285714
2018-08-10,-0.09596137171428572
2018-08-11,-0.09576892228571428
2018-08-12,-0.09557647285714285
2018-08-13,-0.09538402342857143
2018-08-14,-0.095191574
2018-08-15,-0.09646771557142857
2018-08-16,-0.09774385714285715
2018-08-17,-0.09901999871428571
2018-08-18,-0.10029614028571429
2018-08-19,-0.10157228185714286
2018-08-20,-0.10284842342857144
2018-08-21,-0.104124565
2018-08-22,-0.10567211285714286
2018-08-23,-0.10721966071428572
2018-08-24,-0.10876720857142858
2018-08-25,-0.11031475642857143
2018-08-26,-0.11186230428571428
2018-08-27,-0.11340985214285715
2018-08-28,-0.1149574
2018-08-29,-0.11541430285714285
2018-08-30,-0.11587120571428572
2018-08-31,-0.11632810857142857
2018-09-01,-0.11678501142857144
2018-09-02,-0.11724191428571429
2018-09-03,-0.11769881714285715
2018-09-04,-0.11815572
2018-09-05,-0.11841142857142857
2018-09-06,-0.11866713714285715
2018-09-07,-0.11892284571428571
2018-09-08,-0.11917855428571429
2018-09-09,-0.11943426285714286
2018-09-10,-0.11968997142857143
2018-09-11,-0.11994568
2018-09-12,-0.12243278071428572
2018-09-13,-0.12491988142857142
2018-09-14,-0.12740698214285714
2018-09-15,-0.12989408285714285
2018-09-16,-0.13238118357142856
2018-09-17,-0.1348682842857143
2018-09-18,-0.137355385
2018-09-19,-0.1384110092857143
2018-09-20,-0.13946663357142858
2018-09-21,-0.14052225785714287
2018-09-22,-0.14157788214285713
2018-09-23,-0.14263350642857142
2018-09-24,-0.1436891307142857
2018-09-25,-0.144744755
2018-09-26,-0.14611989357142857
2018-09-27,-0.14749503214285714
2018-09-28,-0.1488701707142857
2018-09-29,-0.15024530928571428
2018-09-30,-0.15162044785714285
2018-10-01,-0.15299558642857142
2018-10-02,-0.154370725
2018-10-03,-0.15434830357142856
2018-10-04,-0.15432588214285714
2018-10-05,-0.15430346071428572
2018-10-06,-0.15428103928571427
2018-10-07,-0.15425861785714284
2018-10-08,-0.15423619642857142
2018-10-09,-0.154213775
2018-10-10,-0.1557960742857143
2018-10-11,-0.15737837357142856
2018-10-12,-0.15896067285714285
2018-10-13,-0.16054297214285715
2018-10-14,-0.16212527142857144
2018-10-15,-0.1637075707142857
2018-10-16,-0.16528987
2018-10-17,-0.16552385071428571
2018-10-18,-0.16575783142857142
2018-10-19,-0.16599181214285713
2018-10-20,-0.16622579285714287
2018-10-21,-0.16645977357142858
2018-10-22,-0.16669375428571429
2018-10-23,-0.166927735
2018-10-24,-0.16752919857142856
2018-10-25,-0.16813066214285713
2018-10-26,-0.1687321257142857
2018-10-27,-0.1693335892857143
2018-10-28,-0.16993505285714286
2018-10-29,-0.17053651642857143
2018-10-30,-0.17113798
2018-10-31,-0.17197845357142857
2018-11-01,-0.17281892714285713
2018-11-02,-0.1736594007142857
2018-11-03,-0.17449987428571428
2018-11-04,-0.17534034785714286
2018-11-05,-0.17618082142857142
2018-11-06,-0.177021295
2018-11-07,-0.17862071285714284
2018-11-08,-0.18022013071428572
2018-11-09,-0.18181954857142857
2018-11-10,-0.18341896642857144
2018-11-11,-0.1850183842857143
2018-11-12,-0.18661780214285717
2018-11-13,-0.18821722000000002
2018-11-14,-0.1883235035714286
2018-11-15,-0.18842978714285716
2018-11-16,-0.18853607071428574
2018-11-17,-0.1886423542857143
2018-11-18,-0.18874863785714288
2018-11-19,-0.18885492142857144
2018-11-20,-0.18896120500000002
2018-11-21,-0.18856060000000002
2018-11-22,-0.18815999500000002
2018-11-23,-0.18775939000000003
2018-11-24,-0.187358785
2018-11-25,-0.18695818
2018-11-26,-0.186557575
2018-11-27,-0.18615697
2018-11-28,-0.18587641642857144
2018-11-29,-0.18559586285714286
2018-11-30,-0.1853153092857143
2018-12-01,-0.1850347557142857
2018-12-02,-0.18475420214285715
2018-12-03,-0.18447364857142856
2018-12-04,-0.184193095
2018-12-05,-0.183484455
2018-12-06,-0.182775815
2018-12-07,-0.182067175
2018-12-08,-0.181358535
2018-12-09,-0.18064989499999998
2018-12-10,-0.179941255
2018-12-11,-0.17923261499999998
2018-12-12,-0.17869473428571428
2018-12-13,-0.17815685357142855
2018-12-14,-0.17761897285714284
2018-12-15,-0.17708109214285714
2018-12-16,-0.17654321142857143
2018-12-17,-0.1760053307142857
2018-12-18,-0.17546745
2018-12-19,-0.17396668285714287
2018-12-20,-0.1724659157142857
2018-12-21,-0.17096514857142858
2018-12-22,-0.16946438142857143
2018-12-23,-0.1679636142857143
2018-12-24,-0.16646284714285714
2018-12-25,-0.16496208
2018-12-26,-0.16629456285714286
2018-12-27,-0.16762704571428572
2018-12-28,-0.16895952857142857
2018-12-29,-0.17029201142857145
2018-12-30,-0.1716244942857143
2018-12-31,-0.17295697714285715
2019-01-01,-0.17428946
2019-01-02,-0.17273302142857144
2019-01-03,-0.17117658285714285
2019-01-04,-0.16962014428571429
2019-01-05,-0.16806370571428572
2019-01-06,-0.16650726714285716
2019-01-07,-0.16495082857142856
2019-01-08,-0.16339439
2019-01-09,-0.16175485857142857
2019-01-10,-0.16011532714285714
2019-01-11,-0.15847579571428572
2019-01-12,-0.1568362642857143
2019-01-13,-0.15519673285714286
2019-01-14,-0.15355720142857143
2019-01-15,-0.15191767
2019-01-16,-0.15129343785714286
2019-01-17,-0.15066920571428571
2019-01-18,-0.15004497357142857
2019-01-19,-0.14942074142857145
2019-01-20,-0.1487965092857143
2019-01-21,-0.14817227714285716
2019-01-22,-0.14754804500000002
2019-01-23,-0.1471899042857143
2019-01-24,-0.14683176357142858
2019-01-25,-0.14647362285714285
2019-01-26,-0.14611548214285716
2019-01-27,-0.14575734142857144
2019-01-28,-0.14539920071428572
2019-01-29,-0.14504106
2019-01-30,-0.14528222857142858
2019-01-31,-0.14552339714285714
2019-02-01,-0.14576456571428573
2019-02-02,-0.14600573428571428
2019-02-03,-0.14624690285714287
2019-02-04,-0.14648807142857143
2019-02-05,-0.14672924
2019-02-06,-0.14701876142857143
2019-02-07,-0.14730828285714287
2019-02-08,-0.14759780428571428
2019-02-09,-0.14788732571428573
2019-02-10,-0.14817684714285714
2019-02-11,-0.1484663685714286
2019-02-12,-0.14875589
2019-02-13,-0.14976292357142856
2019-02-14,-0.15076995714285715
2019-02-15,-0.15177699071428571
2019-02-16,-0.15278402428571428
2019-02-17,-0.15379105785714284
2019-02-18,-0.15479809142857143
2019-02-19,-0.155805125
2019-02-20,-0.15905403785714284
2019-02-21,-0.16230295071428572
2019-02-22,-0.16555186357142856
2019-02-23,-0.16880077642857141
2019-02-24,-0.17204968928571426
2019-02-25,-0.17529860214285714
2019-02-26,-0.178547515
2019-02-27,-0.18360060214285714
2019-02-28,-0.18865368928571427
2019-03-01,-0.19370677642857143
2019-03-02,-0.19875986357142855
2019-03-03,-0.2038129507142857
2019-03-04,-0.20886603785714283
2019-03-05,-0.213919125
2019-03-06,-0.21903118928571427
2019-03-07,-0.22414325357142856
2019-03-08,-0.22925531785714284
2019-03-09,-0.23436738214285716
2019-03-10,-0.23947944642857144
2019-03-11,-0.24459151071428573
2019-03-12,-0.249703575
2019-03-13,-0.25885842571428574
2019-03-14,-0.2680132764285714
2019-03-15,-0.27716812714285716
2019-03-16,-0.28632297785714284
2019-03-17,-0.29547782857142857
2019-03-18,-0.30463267928571425
2019-03-19,-0.31378753
2019-03-20,-0.32334030214285714
2019-03-21,-0.33289307428571424
2019-03-22,-0.3424458464285714
2019-03-23,-0.35199861857142856
2019-03-24,-0.3615513907142857
2019-03-25,-0.3711041628571428
2019-03-26,-0.380656935
2019-03-27,-0.4088927042857143
2019-03-28,-0.43712847357142853
2019-03-29,-0.46536424285714284
2019-03-30,-0.4936000121428571
2019-03-31,-0.5218357814285713
2019-04-01,-0.5500715507142857
2019-04-02,-0.57830732
2019-04-03,-0.6060985814285714
2019-04-04,-0.6338898428571428
2019-04-05,-0.66168110428571425
2019-04-06,-0.6894723657142857
2019-04-07,-0.7172636271428572
2019-04-08,-0.7450548885714285
2019-04-09,-0.77284615
2019-04-10,-0.8096513214285714
2019-04-11,-0.846456492857143
2019-04-12,-0.8832616642857144
2019-04-13,-0.9200668357142858
2019-04-14,-0.9568720071428573
2019-04-15,-0.9936771785714288
2019-04-16,-1.0304823500000002
2019-04-17,-1.0411658142857145
2019-04-18,-1.0518492785714288
2019-04-19,-1.0625327428571432
2019-04-20,-1.0732162071428573
2019-04-21,-1.0838996714285716
2019-04-22,-1.094583135714286
2019-04-23,-1.1052666000000002
2019-04-24,-1.1244239285714288
2019-04-25,-1.1435812571428572
2019-04-26,-1.1627385857142858
2019-04-27,-1.1818959142857144
2019-04-28,-1.201053242857143
2019-04-29,-1.2202105714285714
2019-04-30,-1.2393679
2019-05-01,-1.259298507142857
2019-05-02,-1.2792291142857142
2019-05-03,-1.2991597214285713
2019-05-04,-1.3190903285714286
2019-05-05,-1.3390209357142857
2019-05-06,-1.3589515428571428
2019-05-07,-1.37888215
2019-05-08,-1.390791307142857
2019-05-09,-1.4027004642857142
2019-05-10,-1.4146096214285713
2019-05-11,-1.4265187785714286
2019-05-12,-1.4384279357142857
2019-05-13,-1.4503370928571429
2019-05-14,-1.46224625
2019-05-15,-1.4687022142857142
2019-05-16,-1.4751581785714285
2019-05-17,-1.4816141428571428
2019-05-18,-1.4880701071428573
2019-05-19,-1.4945260714285715
2019-05-20,-1.5009820357142858
2019-05-21,-1.507438
2019-05-22,-1.5083382142857142
2019-05-23,-1.5092384285714286
2019-05-24,-1.5101386428571428
2019-05-25,-1.5110388571428572
2019-05-26,-1.5119390714285714
2019-05-27,-1.5128392857142858
2019-05-28,-1.5137395
2019-05-29,-1.5136588285714285
2019-05-30,-1.5135781571428573
2019-05-31,-1.5134974857142858
2019-06-01,-1.5134168142857143
2019-06-02,-1.5133361428571428
2019-06-03,-1.5132554714285715
2019-06-04,-1.5131748
2019-06-05,-1.5103994285714286
2019-06-06,-1.5076240571428572
2019-06-07,-1.5048486857142858
2019-06-08,-1.5020733142857143
2019-06-09,-1.499297942857143
2019-06-10,-1.4965225714285715
2019-06-11,-1.4937472
2019-06-12,-1.4864732714285716
2019-06-13,-1.4791993428571428
2019-06-14,-1.4719254142857143
2019-06-15,-1.4646514857142856
2019-06-16,-1.457377557142857
2019-06-17,-1.4501036285714284
2019-06-18,-1.4428296999999999
2019-06-19,-1.4313014428571427
2019-06-20,-1.4197731857142857
2019-06-21,-1.4082449285714285
2019-06-22,-1.3967166714285715
2019-06-23,-1.3851884142857143
2019-06-24,-1.3736601571428573
2019-06-25,-1.3621319
2019-06-26,-1.3500233285714287
2019-06-27,-1.3379147571428571
2019-06-28,-1.3258061857142858
2019-06-29,-1.3136976142857142
2019-06-30,-1.3015890428571428
2019-07-01,-1.2894804714285713
2019-07-02,-1.2773719
2019-07-03,-1.26388215
2019-07-04,-1.2503924
2019-07-05,-1.23690265
2019-07-06,-1.2234128999999998
2019-07-07,-1.2099231499999998
2019-07-08,-1.1964333999999999
2019-07-09,-1.18294365
2019-07-10,-1.172032507142857
2019-07-11,-1.1611213642857143
2019-07-12,-1.1502102214285714
2019-07-13,-1.1392990785714285
2019-07-14,-1.1283879357142856
2019-07-15,-1.117476792857143
2019-07-16,-1.10656565
2019-07-17,-1.0980769857142858
2019-07-18,-1.0895883214285715
2019-07-19,-1.0810996571428573
2019-07-20,-1.0726109928571428
2019-07-21,-1.0641223285714285
2019-07-22,-1.0556336642857143
2019-07-23,-1.047145
2019-07-24,-1.0420113857142856
2019-07-25,-1.0368777714285715
2019-07-26,-1.0317441571428572
2019-07-27,-1.0266105428571428
2019-07-28,-1.0214769285714285
2019-07-29,-1.0163433142857143
2019-07-30,-1.0112097
2019-07-31,-1.0057434714285713
2019-08-01,-1.000277242857143
2019-08-02,-0.9948110142857143
2019-08-03,-0.9893447857142856
2019-08-04,-0.9838785571428571
2019-08-05,-0.9784123285714285
2019-08-06,-0.9729460999999999
2019-08-07,-0.9652744014285713
2019-08-08,-0.9576027028571428
2019-08-09,-0.9499310042857142
2019-08-10,-0.9422593057142857
2019-08-11,-0.9345876071428572
2019-08-12,-0.9269159085714286
2019-08-13,-0.91924421
2019-08-14,-0.90935454
2019-08-15,-0.89946487
2019-08-16,-0.8895752
2019-08-17,-0.87968553
2019-08-18,-0.8697958600000001
2019-08-19,-0.85990619
2019-08-20,-0.85001652
2019-08-21,-0.8408099385714286
2019-08-22,-0.8316033571428572
2019-08-23,-0.8223967757142857
2019-08-24,-0.8131901942857144
2019-08-25,-0.8039836128571429
2019-08-26,-0.7947770314285715
2019-08-27,-0.78557045
2019-08-28,-0.7762622807142857
2019-08-29,-0.7669541114285715
2019-08-30,-0.7576459421428572
2019-08-31,-0.7483377728571429
2019-09-01,-0.7390296035714286
2019-09-02,-0.7297214342857143
2019-09-03,-0.720413265
2019-09-04,-0.710102925
2019-09-05,-0.6997925850000001
2019-09-06,-0.6894822450000001
2019-09-07,-0.679171905
2019-09-08,-0.668861565
2019-09-09,-0.6585512250000001
2019-09-10,-0.6482408850000001
2019-09-11,-0.6330258257142858
2019-09-12,-0.6178107664285715
2019-09-13,-0.6025957071428572
2019-09-14,-0.587380647857143
2019-09-15,-0.5721655885714286
2019-09-16,-0.5569505292857143
2019-09-17,-0.54173547
2019-09-18,-0.5239854614285714
2019-09-19,-0.5062354528571429
2019-09-20,-0.4884854442857143
2019-09-21,-0.4707354357142857
2019-09-22,-0.45298542714285717
2019-09-23,-0.43523541857142856
2019-09-24,-0.41748541
2019-09-25,-0.40504083214285713
2019-09-26,-0.3925962542857143
2019-09-27,-0.38015167642857145
2019-09-28,-0.3677070985714286
2019-09-29,-0.3552625207142857
2019-09-30,-0.3428179428571429
2019-10-01,-0.33037336500000003
2019-10-02,-0.31208449000000005
2019-10-03,-0.293795615
2019-10-04,-0.27550674000000003
2019-10-05,-0.257217865
2019-10-06,-0.23892899
2019-10-07,-0.220640115
2019-10-08,-0.20235124
2019-10-09,-0.19207712
2019-10-10,-0.181803
2019-10-11,-0.17152888
2019-10-12,-0.16125476
2019-10-13,-0.15098064
2019-10-14,-0.14070652
2019-10-15,-0.1304324
2019-10-16,-0.12083363500000001
2019-10-17,-0.11123487
2019-10-18,-0.101636105
2019-10-19,-0.09203734
2019-10-20,-0.082438575
2019-10-21,-0.07283981
2019-10-22,-0.063241045
2019-10-23,-0.05802433564285714
2019-10-24,-0.05280762628571428
2019-10-25,-0.047590916928571425
2019-10-26,-0.04237420757142857
2019-10-27,-0.03715749821428571
2019-10-28,-0.031940788857142854
2019-10-29,-0.0267240795
2019-10-30,-0.02093859935714286
2019-10-31,-0.015153119214285717
2019-11-01,-0.009367639071428575
2019-11-02,-0.0035821589285714326
2019-11-03,0.0022033212142857114
2019-11-04,0.007988801357142852
2019-11-05,0.013774281499999999
2019-11-06,0.01687237
2019-11-07,0.0199704585
2019-11-08,0.023068547000000002
2019-11-09,0.0261666355
2019-11-10,0.029264724000000002
2019-11-11,0.032362812500000004
2019-11-12,0.035460901
2019-11-13,0.04036578435714286
2019-11-14,0.045270667714285714
2019-11-15,0.05017555107142857
2019-11-16,0.055080434428571426
2019-11-17,0.05998531778571428
2019-11-18,0.06489020114285714
2019-11-19,0.0697950845
2019-11-20,0.07511374028571428
2019-11-21,0.08043239607142856
2019-11-22,0.08575105185714285
2019-11-23,0.09106970764285714
2019-11-24,0.09638836342857143
2019-11-25,0.10170701921428571
2019-11-26,0.107025675
2019-11-27,0.10896346214285714
2019-11-28,0.11090124928571428
2019-11-29,0.11283903642857142
2019-11-30,0.11477682357142857
2019-12-01,0.11671461071428571
2019-12-02,0.11865239785714285
2019-12-03,0.12059018499999999
2019-12-04,0.12331959142857142
2019-12-05,0.12604899785714285
2019-12-06,0.1287784042857143
2019-12-07,0.13150781071428572
2019-12-08,0.13423721714285716
2019-12-09,0.13696662357142858
2019-12-10,0.13969603000000003
2019-12-11,0.13995290571428573
2019-12-12,0.14020978142857146
2019-12-13,0.14046665714285717
2019-12-14,0.14072353285714287
2019-12-15,0.14098040857142857
2019-12-16,0.1412372842857143
2019-12-17,0.14149416
2019-12-18,0.1388787507142857
2019-12-19,0.13626334142857144
2019-12-20,0.13364793214285714
2019-12-21,0.13103252285714287
2019-12-22,0.12841711357142857
2019-12-23,0.1258017042857143
2019-12-24,0.123186295
2019-12-25,0.12385327571428571
2019-12-26,0.12452025642857142
2019-12-27,0.12518723714285715
2019-12-28,0.12585421785714285
2019-12-29,0.12652119857142857
2019-12-30,0.12718817928571427
2019-12-31,0.12785516
2020-01-01,0.127873315
2020-01-02,0.12789147
2020-01-03,0.127909625
2020-01-04,0.12792778
2020-01-05,0.12794593499999998
2020-01-06,0.12796409
2020-01-07,0.127982245
2020-01-08,0.12716307142857142
2020-01-09,0.12634389785714287
2020-01-10,0.1255247242857143
2020-01-11,0.12470555071428571
2020-01-12,0.12388637714285715
2020-01-13,0.12306720357142857
2020-01-14,0.12224803000000001
2020-01-15,0.11924533928571429
2020-01-16,0.11624264857142858
2020-01-17,0.11323995785714286
2020-01-18,0.11023726714285714
2020-01-19,0.10723457642857143
2020-01-20,0.10423188571428571
2020-01-21,0.101229195
2020-01-22,0.09733174492857143
2020-01-23,0.09343429485714286
2020-01-24,0.08953684478571429
2020-01-25,0.08563939471428571
2020-01-26,0.08174194464285714
2020-01-27,0.07784449457142857
2020-01-28,0.0739470445
2020-01-29,0.07106697914285715
2020-01-30,0.06818691378571429
2020-01-31,0.06530684842857143
2020-02-01,0.06242678307142857
2020-02-02,0.05954671771428571
2020-02-03,0.056666652357142855
2020-02-04,0.053786587
2020-02-05,0.051172062428571426
2020-02-06,0.048557537857142855
2020-02-07,0.04594301328571428
2020-02-08,0.04332848871428572
2020-02-09,0.04071396414285715
2020-02-10,0.03809943957142858
2020-02-11,0.035484915000000006
2020-02-12,0.034143931142857145
2020-02-13,0.03280294728571429
2020-02-14,0.03146196342857143
2020-02-15,0.030120979571428577
2020-02-16,0.028779995714285717
2020-02-17,0.02743901185714286
2020-02-18,0.026098028000000002
2020-02-19,0.02438928292857143
2020-02-20,0.022680537857142857
2020-02-21,0.02097179278571429
2020-02-22,0.019263047714285716
2020-02-23,0.017554302642857143
2020-02-24,0.01584555757142857
2020-02-25,0.014136812499999998
2020-02-26,0.015081813071428569
2020-02-27,0.01602681364285714
2020-02-28,0.016971814214285712
2020-02-29,0.017916814785714285
2020-03-01,0.018861815357142857
2020-03-02,0.019806815928571427
2020-03-03,0.0207518165
2020-03-04,0.02278082207142857
2020-03-05,0.024809827642857142
2020-03-06,0.026838833214285714
2020-03-07,0.028867838785714285
2020-03-08,0.030896844357142857
2020-03-09,0.03292584992857143
2020-03-10,0.0349548555
2020-03-11,0.036346368857142854
2020-03-12,0.037737882214285715
2020-03-13,0.03912939557142857
2020-03-14,0.04052090892857143
2020-03-15,0.04191242228571428
2020-03-16,0.043303935642857144
2020-03-17,0.044695449
2020-03-18,0.03974809123571429
2020-03-19,0.03480073347142857
2020-03-20,0.02985337570714286
2020-03-21,0.024906017942857146
2020-03-22,0.01995866017857143
2020-03-23,0.01501130241428572
2020-03-24,0.01006394465
2020-03-25,0.011613979414285715
2020-03-26,0.013164014178571428
2020-03-27,0.014714048942857143
2020-03-28,0.016264083707142857
2020-03-29,0.01781411847142857
2020-03-30,0.019364153235714287
2020-03-31,0.020914188
2020-04-01,0.07074913757142856
2020-04-02,0.12058408714285712
2020-04-03,0.17041903671428568
2020-04-04,0.22025398628571424
2020-04-05,0.27008893585714283
2020-04-06,0.31992388542857136
2020-04-07,0.36975883499999995
2020-04-08,0.3903882385714285
2020-04-09,0.41101764214285713
2020-04-10,0.4316470457142857
2020-04-11,0.4522764492857143
2020-04-12,0.47290585285714287
2020-04-13,0.49353525642857143
2020-04-14,0.51416466
2020-04-15,0.537416255
2020-04-16,0.5606678500000001
2020-04-17,0.583919445
2020-04-18,0.60717104
2020-04-19,0.630422635
2020-04-20,0.65367423
2020-04-21,0.676925825
2020-04-22,0.6964156335714285
2020-04-23,0.7159054421428571
2020-04-24,0.7353952507142857
2020-04-25,0.7548850592857143
2020-04-26,0.7743748678571428
2020-04-27,0.7938646764285714
2020-04-28,0.813354485
2020-04-29,0.8324012735714286
2020-04-30,0.8514480621428571
2020-05-01,0.8704948507142857
2020-05-02,0.8895416392857143
2020-05-03,0.9085884278571429
2020-05-04,0.9276352164285714
2020-05-05,0.946682005
2020-05-06,0.9562924114285715
2020-05-07,0.9659028178571428
2020-05-08,0.9755132242857143
2020-05-09,0.9851236307142857
2020-05-10,0.9947340371428571
2020-05-11,1.0043444435714286
2020-05-12,1.01395485
2020-05-13,1.01767145
2020-05-14,1.02138805
2020-05-15,1.02510465
2020-05-16,1.02882125
2020-05-17,1.03253785
2020-05-18,1.0362544500000002
2020-05-19,1.0399710500000001
2020-05-20,1.0412257357142858
2020-05-21,1.0424804214285714
2020-05-22,1.043735107142857
2020-05-23,1.044989792857143
2020-05-24,1.0462444785714287
2020-05-25,1.0474991642857143
2020-05-26,1.04875385
2020-05-27,1.0446643214285714
2020-05-28,1.040574792857143
2020-05-29,1.0364852642857143
2020-05-30,1.0323957357142857
2020-05-31,1.028306207142857
2020-06-01,1.0242166785714286
2020-06-02,1.02012715
2020-06-03,1.01200162
2020-06-04,1.0038760899999999
2020-06-05,0.99575056
2020-06-06,0.98762503
2020-06-07,0.9794995
2020-06-08,0.97137397
2020-06-09,0.96324844
2020-06-10,0.95121031
2020-06-11,0.93917218
2020-06-12,0.92713405
2020-06-13,0.91509592
2020-06-14,0.90305779
2020-06-15,0.89101966
2020-06-16,0.87898153
2020-06-17,0.8622623485714286
2020-06-18,0.8455431671428572
2020-06-19,0.8288239857142857
2020-06-20,0.8121048042857143
2020-06-21,0.7953856228571429
2020-06-22,0.7786664414285714
2020-06-23,0.76194726
2020-06-24,0.7542418157142857
2020-06-25,0.7465363714285714
2020-06-26,0.7388309271428571
2020-06-27,0.731125482857143
2020-06-28,0.7234200385714287
2020-06-29,0.7157145942857144
2020-06-30,0.7080091500000001
2020-07-01,0.7099533600000001
2020-07-02,0.7118975700000001
2020-07-03,0.7138417800000001
2020-07-04,0.71578599
2020-07-05,0.7177302
2020-07-06,0.71967441
2020-07-07,0.72161862
2020-07-08,0.7205262
2020-07-09,0.71943378
2020-07-10,0.71834136
2020-07-11,0.71724894
2020-07-12,0.71615652
2020-07-13,0.7150641
2020-07-14,0.71397168
2020-07-15,0.7116929928571428
2020-07-16,0.7094143057142858
2020-07-17,0.7071356185714286
2020-07-18,0.7048569314285714
2020-07-19,0.7025782442857142
2020-07-20,0.7002995571428572
2020-07-21,0.69802087
2020-07-22,0.69411334
2020-07-23,0.69020581
2020-07-24,0.68629828
2020-07-25,0.6823907499999999
2020-07-26,0.6784832199999999
2020-07-27,0.67457569
2020-07-28,0.67066816
2020-07-29,0.6682901878571428
2020-07-30,0.6659122157142857
2020-07-31,0.6635342435714285
2020-08-01,0.6611562714285714
2020-08-02,0.6587782992857142
2020-08-03,0.6564003271428571
2020-08-04,0.6540223549999999
2020-08-05,0.6508023264285714
2020-08-06,0.6475822978571428
2020-08-07,0.6443622692857143
2020-08-08,0.6411422407142857
2020-08-09,0.6379222121428572
2020-08-10,0.6347021835714286
2020-08-11,0.631482155
2020-08-12,0.6285776178571428
2020-08-13,0.6256730807142857
2020-08-14,0.6227685435714285
2020-08-15,0.6198640064285714
2020-08-16,0.6169594692857142
2020-08-17,0.6140549321428571
2020-08-18,0.6111503949999999
2020-08-19,0.6089965564285713
2020-08-20,0.6068427178571428
2020-08-21,0.6046888792857142
2020-08-22,0.6025350407142857
2020-08-23,0.6003812021428571
2020-08-24,0.5982273635714286
2020-08-25,0.596073525
2020-08-26,0.5952877371428571
2020-08-27,0.5945019492857143
2020-08-28,0.5937161614285714
2020-08-29,0.5929303735714285
2020-08-30,0.5921445857142856
2020-08-31,0.5913587978571428
2020-09-01,0.59057301
2020-09-02,0.5870868128571428
2020-09-03,0.5836006157142857
2020-09-04,0.5801144185714285
2020-09-05,0.5766282214285714
2020-09-06,0.5731420242857143
2020-09-07,0.5696558271428571
2020-09-08,0.56616963
2020-09-09,0.5630782785714286
2020-09-10,0.5599869271428571
2020-09-11,0.5568955757142857
2020-09-12,0.5538042242857143
2020-09-13,0.5507128728571429
2020-09-14,0.5476215214285715
2020-09-15,0.54453017
2020-09-16,0.5380405292857143
2020-09-17,0.5315508885714286
2020-09-18,0.5250612478571429
2020-09-19,0.5185716071428571
2020-09-20,0.5120819664285714
2020-09-21,0.5055923257142857
2020-09-22,0.499102685
2020-09-23,0.49590188142857144
2020-09-24,0.49270107785714284
2020-09-25,0.4895002742857143
2020-09-26,0.4862994707142857
2020-09-27,0.48309866714285715
2020-09-28,0.47989786357142855
2020-09-29,0.47669706
2020-09-30,0.48247552071428573
2020-10-01,0.4882539814285714
2020-10-02,0.49403244214285713
2020-10-03,0.4998109028571428
2020-10-04,0.5055893635714285
2020-10-05,0.5113678242857143
2020-10-06,0.5171462849999999
2020-10-07,0.5185051057142857
2020-10-08,0.5198639264285714
2020-10-09,0.5212227471428571
2020-10-10,0.5225815678571428
2020-10-11,0.5239403885714286
2020-10-12,0.5252992092857143
2020-10-13,0.52665803
2020-10-14,0.5266374657142857
2020-10-15,0.5266169014285714
2020-10-16,0.5265963371428571
2020-10-17,0.5265757728571429
2020-10-18,0.5265552085714286
2020-10-19,0.5265346442857143
2020-10-20,0.52651408
2020-10-21,0.52764732
2020-10-22,0.52878056
2020-10-23,0.5299138
2020-10-24,0.53104704
2020-10-25,0.5321802800000001
2020-10-26,0.53331352
2020-10-27,0.53444676
2020-10-28,0.5368653514285714
2020-10-29,0.5392839428571429
2020-10-30,0.5417025342857142
2020-10-31,0.5441211257142857
2020-11-01,0.5465397171428571
2020-11-02,0.5489583085714286
2020-11-03,0.5513769
2020-11-04,0.5526349557142857
2020-11-05,0.5538930114285714
2020-11-06,0.5551510671428571
2020-11-07,0.5564091228571427
2020-11-08,0.5576671785714284
2020-11-09,0.5589252342857142
2020-11-10,0.5601832899999999
2020-11-11,0.5609606628571427
2020-11-12,0.5617380357142856
2020-11-13,0.5625154085714285
2020-11-14,0.5632927814285714
2020-11-15,0.5640701542857143
2020-11-16,0.5648475271428571
2020-11-17,0.5656249
2020-11-18,0.5660305921428571
2020-11-19,0.5664362842857142
2020-11-20,0.5668419764285714
2020-11-21,0.5672476685714286
2020-11-22,0.5676533607142857
2020-11-23,0.5680590528571429
2020-11-24,0.568464745
2020-11-25,0.5700819421428571
2020-11-26,0.5716991392857143
2020-11-27,0.5733163364285714
2020-11-28,0.5749335335714286
2020-11-29,0.5765507307142858
2020-11-30,0.5781679278571429
2020-12-01,0.579785125
2020-12-02,0.5802930264285714
2020-12-03,0.5808009278571429
2020-12-04,0.5813088292857143
2020-12-05,0.5818167307142857
2020-12-06,0.5823246321428571
2020-12-07,0.5828325335714286
2020-12-08,0.583340435
2020-12-09,0.5834767678571429
2020-12-10,0.5836131007142857
2020-12-11,0.5837494335714286
2020-12-12,0.5838857664285714
2020-12-13,0.5840220992857142
2020-12-14,0.5841584321428571
2020-12-15,0.584294765
2020-12-16,0.5817265542857143
2020-12-17,0.5791583435714286
2020-12-18,0.5765901328571429
2020-12-19,0.5740219221428571
2020-12-20,0.5714537114285714
2020-12-21,0.5688855007142857
2020-12-22,0.56631729
2020-12-23,0.5659038635714285
2020-12-24,0.5654904371428571
2020-12-25,0.5650770107142856
2020-12-26,0.5646635842857143
2020-12-27,0.5642501578571428
2020-12-28,0.5638367314285714
2020-12-29,0.5634233049999999
2020-12-30,0.5687485264285713
2020-12-31,0.5740737478571428
2021-01-01,0.5793989692857142
2021-01-02,0.5847241907142857
2021-01-03,0.5900494121428571
2021-01-04,0.5953746335714286
2021-01-05,0.600699855
2021-01-06,0.6033109042857143
2021-01-07,0.6059219535714285
2021-01-08,0.6085330028571428
2021-01-09,0.6111440521428572
2021-01-10,0.6137551014285715
2021-01-11,0.6163661507142857
2021-01-12,0.6189772
2021-01-13,0.6217813885714286
2021-01-14,0.6245855771428571
2021-01-15,0.6273897657142857
2021-01-16,0.6301939542857142
2021-01-17,0.6329981428571428
2021-01-18,0.6358023314285713
2021-01-19,0.63860652
2021-01-20,0.6393551871428571
2021-01-21,0.6401038542857143
2021-01-22,0.6408525214285714
2021-01-23,0.6416011885714286
2021-01-24,0.6423498557142857
2021-01-25,0.6430985228571429
2021-01-26,0.64384719
2021-01-27,0.6454830378571429
2021-01-28,0.6471188857142858
2021-01-29,0.6487547335714287
2021-01-30,0.6503905814285714
2021-01-31,0.6520264292857143
2021-02-01,0.6536622771428572
2021-02-02,0.6552981250000001
2021-02-03,0.65478775
2021-02-04,0.654277375
2021-02-05,0.653767
2021-02-06,0.653256625
2021-02-07,0.65274625
2021-02-08,0.652235875
2021-02-09,0.6517255
2021-02-10,0.6544449192857142
2021-02-11,0.6571643385714285
2021-02-12,0.6598837578571428
2021-02-13,0.6626031771428571
2021-02-14,0.6653225964285714
2021-02-15,0.6680420157142857
2021-02-16,0.670761435
2021-02-17,0.6708347892857143
2021-02-18,0.6709081435714286
2021-02-19,0.6709814978571429
2021-02-20,0.6710548521428571
2021-02-21,0.6711282064285714
2021-02-22,0.6712015607142857
2021-02-23,0.671274915
2021-02-24,0.6712980964285714
2021-02-25,0.6713212778571429
2021-02-26,0.6713444592857143
2021-02-27,0.6713676407142858
2021-02-28,0.6713908221428572
2021-03-01,0.6714140035714287
2021-03-02,0.671437185
2021-03-03,0.6743826085714286
2021-03-04,0.6773280321428572
2021-03-05,0.6802734557142858
2021-03-06,0.6832188792857143
2021-03-07,0.6861643028571429
2021-03-08,0.6891097264285715
2021-03-09,0.6920551500000001
2021-03-10,0.6942347121428571
2021-03-11,0.6964142742857143
2021-03-12,0.6985938364285714
2021-03-13,0.7007733985714286
2021-03-14,0.7029529607142857
2021-03-15,0.7051325228571429
2021-03-16,0.707312085
2021-03-17,0.7122805335714285
2021-03-18,0.71724898214285715
2021-03-19,0.7222174307142857
2021-03-20,0.7271858792857143
2021-03-21,0.7321543278571429
2021-03-22,0.7371227764285715
2021-03-23,0.742091225
2021-03-24,0.74454082
2021-03-25,0.746990415
2021-03-26,0.7494400099999999
2021-03-27,0.751889605
2021-03-28,0.7543392
2021-03-29,0.756788795
2021-03-30,0.7592383899999999
2021-03-31,0.7536835992857143
2021-04-01,0.7481288085714285
2021-04-02,0.7425740178571428
2021-04-03,0.7370192271428572
2021-04-04,0.7314644364285715
2021-04-05,0.7259096457142857
2021-04-06,0.7203548550000001
2021-04-07,0.7157789892857144
2021-04-08,0.7112031235714287
2021-04-09,0.706627257857143
2021-04-10,0.7020513921428572
2021-04-11,0.6974755264285715
2021-04-12,0.6928996607142858
2021-04-13,0.6883237950000001
2021-04-14,0.6864453971428572
2021-04-15,0.6845669992857143
2021-04-16,0.6826886014285715
2021-04-17,0.6808102035714286
2021-04-18,0.6789318057142858
2021-04-19,0.6770534078571429
2021-04-20,0.67517501
2021-04-21,0.6732581307142858
2021-04-22,0.6713412514285714
2021-04-23,0.6694243721428571
2021-04-24,0.6675074928571428
2021-04-25,0.6655906135714286
2021-04-26,0.6636737342857142
2021-04-27,0.6617568549999999
2021-04-28,0.6605379571428571
2021-04-29,0.6593190592857142
2021-04-30,0.6581001614285714
2021-05-01,0.6568812635714285
2021-05-02,0.6556623657142857
2021-05-03,0.6544434678571428
2021-05-04,0.65322457
2021-05-05,0.65207355
2021-05-06,0.65092253
2021-05-07,0.64977151
2021-05-08,0.64862049
2021-05-09,0.64746947
2021-05-10,0.64631845
2021-05-11,0.64516743
2021-05-12,0.6445189664285714
2021-05-13,0.6438705028571429
2021-05-14,0.6432220392857143
2021-05-15,0.6425735757142856
2021-05-16,0.6419251121428571
2021-05-17,0.6412766485714285
2021-05-18,0.640628185
2021-05-19,0.639609165
2021-05-20,0.638590145
2021-05-21,0.637571125
2021-05-22,0.6365521049999999
2021-05-23,0.6355330849999999
2021-05-24,0.634514065
2021-05-25,0.633495045
2021-05-26,0.6316331864285715
2021-05-27,0.6297713278571428
2021-05-28,0.6279094692857143
2021-05-29,0.6260476107142857
2021-05-30,0.6241857521428572
2021-05-31,0.6223238935714286
2021-06-01,0.6204620350000001
2021-06-02,0.6207525571428573
2021-06-03,0.6210430792857143
2021-06-04,0.6213336014285715
2021-06-05,0.6216241235714286
2021-06-06,0.6219146457142858
2021-06-07,0.6222051678571429
2021-06-08,0.62249569
2021-06-09,0.6239989614285715
2021-06-10,0.6255022328571429
2021-06-11,0.6270055042857143
2021-06-12,0.6285087757142858
2021-06-13,0.6300120471428572
2021-06-14,0.6315153185714286
2021-06-15,0.63301859
2021-06-16,0.6322691357142858
2021-06-17,0.6315196814285714
2021-06-18,0.6307702271428571
2021-06-19,0.6300207728571429
2021-06-20,0.6292713185714286
2021-06-21,0.6285218642857142
2021-06-22,0.62777241
2021-06-23,0.6243074785714285
2021-06-24,0.6208425471428571
2021-06-25,0.6173776157142857
2021-06-26,0.6139126842857142
2021-06-27,0.6104477528571428
2021-06-28,0.6069828214285714
2021-06-29,0.60351789
2021-06-30,0.6010097257142857
2021-07-01,0.5985015614285715
2021-07-02,0.5959933971428572
2021-07-03,0.5934852328571428
2021-07-04,0.5909770685714285
2021-07-05,0.5884689042857143
2021-07-06,0.58596074
2021-07-07,0.5817192085714286
2021-07-08,0.5774776771428571
2021-07-09,0.5732361457142857
2021-07-10,0.5689946142857143
2021-07-11,0.5647530828571429
2021-07-12,0.5605115514285715
2021-07-13,0.55627002
2021-07-14,0.5533475678571429
2021-07-15,0.5504251157142858
2021-07-16,0.5475026635714286
2021-07-17,0.5445802114285714
2021-07-18,0.5416577592857142
2021-07-19,0.5387353071428571
2021-07-20,0.535812855
2021-07-21,0.53085001
2021-07-22,0.525887165
2021-07-23,0.52092432
2021-07-24,0.515961475
2021-07-25,0.51099863
2021-07-26,0.506035785
2021-07-27,0.50107294
2021-07-28,0.49835887285714286
2021-07-29,0.49564480571428576
2021-07-30,0.4929307385714286
2021-07-31,0.49021667142857145
2021-08-01,0.4875026042857143
2021-08-02,0.4847885371428572
2021-08-03,0.48207447000000003
2021-08-04,0.4799747907142857
2021-08-05,0.4778751114285715
2021-08-06,0.47577543214285717
2021-08-07,0.47367575285714286
2021-08-08,0.47157607357142856
2021-08-09,0.4694763942857143
2021-08-10,0.467376715
2021-08-11,0.46400295785714285
2021-08-12,0.4606292007142857
2021-08-13,0.45725544357142855
2021-08-14,0.4538816864285714
2021-08-15,0.45050792928571426
2021-08-16,0.4471341721428571
2021-08-17,0.44376041499999996
2021-08-18,0.4388770214285714
2021-08-19,0.43399362785714285
2021-08-20,0.42911023428571426
2021-08-21,0.42422684071428574
2021-08-22,0.41934344714285715
2021-08-23,0.4144600535714286
2021-08-24,0.40957666000000004
2021-08-25,0.40392710785714286
2021-08-26,0.39827755571428575
2021-08-27,0.3926280035714286
2021-08-28,0.38697845142857146
2021-08-29,0.3813288992857143
2021-08-30,0.37567934714285717
2021-08-31,0.370029795
2021-09-01,0.3665118078571428
2021-09-02,0.3629938207142857
2021-09-03,0.35947583357142854
2021-09-04,0.3559578464285714
2021-09-05,0.35243985928571425
2021-09-06,0.34892187214285714
2021-09-07,0.34540388499999997
2021-09-08,0.344073455
2021-09-09,0.342743025
2021-09-10,0.341412595
2021-09-11,0.340082165
2021-09-12,0.338751735
2021-09-13,0.337421305
2021-09-14,0.336090875
2021-09-15,0.33447795
2021-09-16,0.332865025
2021-09-17,0.3312521
2021-09-18,0.329639175
2021-09-19,0.32802625
2021-09-20,0.326413325
2021-09-21,0.3248004
2021-09-22,0.3217509164285714
2021-09-23,0.31870143285714286
2021-09-24,0.3156519492857143
2021-09-25,0.31260246571428574
2021-09-26,0.30955298214285715
2021-09-27,0.3065034985714286
2021-09-28,0.303454015
2021-09-29,0.29443652000000003
2021-09-30,0.285419025
2021-10-01,0.27640153
2021-10-02,0.267384035
2021-10-03,0.25836654000000003
2021-10-04,0.24934904500000002
2021-10-05,0.24033155
2021-10-06,0.23233878142857142
2021-10-07,0.22434601285714287
2021-10-08,0.21635324428571429
2021-10-09,0.20836047571428573
2021-10-10,0.20036770714285715
2021-10-11,0.1923749385714286
2021-10-12,0.18438217
2021-10-13,0.17568675142857143
2021-10-14,0.16699133285714288
2021-10-15,0.1582959142857143
2021-10-16,0.14960049571428571
2021-10-17,0.14090507714285713
2021-10-18,0.13220965857142858
2021-10-19,0.12351424
2021-10-20,0.11938439664285715
2021-10-21,0.11525455328571428
2021-10-22,0.11112470992857143
2021-10-23,0.10699486657142857
2021-10-24,0.10286502321428571
2021-10-25,0.09873517985714286
2021-10-26,0.0946053365
2021-10-27,0.08917089814285714
2021-10-28,0.08373645978571428
2021-10-29,0.07830202142857143
2021-10-30,0.07286758307142857
2021-10-31,0.06743314471428571
2021-11-01,0.06199870635714286
2021-11-02,0.056564268
2021-11-03,0.054532952142857145
2021-11-04,0.05250163628571428
2021-11-05,0.05047032042857143
2021-11-06,0.04843900457142857
2021-11-07,0.046407688714285716
2021-11-08,0.044376372857142854
2021-11-09,0.042345057
2021-11-10,0.04227519057142857
2021-11-11,0.04220532414285714
2021-11-12,0.04213545771428571
2021-11-13,0.042065591285714285
2021-11-14,0.041995724857142855
2021-11-15,0.041925858428571425
2021-11-16,0.041855991999999995
2021-11-17,0.04087302585714285
2021-11-18,0.03989005971428571
2021-11-19,0.03890709357142857
2021-11-20,0.03792412742857142
2021-11-21,0.03694116128571428
2021-11-22,0.03595819514285714
2021-11-23,0.034975229
2021-11-24,0.03460446664285714
2021-11-25,0.03423370428571428
2021-11-26,0.03386294192857143
2021-11-27,0.03349217957142857
2021-11-28,0.033121417214285714
2021-11-29,0.032750654857142854
2021-11-30,0.0323798925
2021-12-01,0.03310048457142857
2021-12-02,0.03382107664285714
2021-12-03,0.03454166871428571
2021-12-04,0.03526226078571429
2021-12-05,0.03598285285714286
2021-12-06,0.03670344492857143
2021-12-07,0.037424037
2021-12-08,0.03890655628571429
2021-12-09,0.040389075571428575
2021-12-10,0.04187159485714286
2021-12-11,0.04335411414285714
2021-12-12,0.04483663342857143
2021-12-13,0.046319152714285716
2021-12-14,0.047801672
2021-12-15,0.04999800364285715
2021-12-16,0.05219433528571429
2021-12-17,0.05439066692857143
2021-12-18,0.05658699857142857
2021-12-19,0.058783330214285716
2021-12-20,0.060979661857142854
2021-12-21,0.0631759935
2021-12-22,0.06698895328571429
2021-12-23,0.07080191307142857
2021-12-24,0.07461487285714286
2021-12-25,0.07842783264285715
2021-12-26,0.08224079242857144
2021-12-27,0.08605375221428571
2021-12-28,0.089866712
2021-12-29,0.08880108557142857
2021-12-30,0.08773545914285714
2021-12-31,0.08666983271428572
2022-01-01,0.08560420628571429
2022-01-02,0.08453857985714286
2022-01-03,0.08347295342857143
2022-01-04,0.082407327
2022-01-05,0.08023356871428572
2022-01-06,0.07805981042857142
2022-01-07,0.07588605214285714
2022-01-08,0.07371229385714285
2022-01-09,0.07153853557142857
2022-01-10,0.06936477728571427
2022-01-11,0.06719101899999999
2022-01-12,0.06717007792857142
2022-01-13,0.06714913685714285
2022-01-14,0.06712819578571429
2022-01-15,0.0671072547142857
2022-01-16,0.06708631364285714
2022-01-17,0.06706537257142857
2022-01-18,0.0670444315
2022-01-19,0.06574165628571428
2022-01-20,0.06443888107142857
2022-01-21,0.06313610585714285
2022-01-22,0.06183333064285714
2022-01-23,0.06053055542857143
2022-01-24,0.059227780214285715
2022-01-25,0.057925005
2022-01-26,0.05434801664285714
2022-01-27,0.05077102828571429
2022-01-28,0.04719403992857143
2022-01-29,0.043617051571428575
2022-01-30,0.040040063214285715
2022-01-31,0.03646307485714286
2022-02-01,0.0328860865
2022-02-02,0.02939781493571429
2022-02-03,0.025909543371428572
2022-02-04,0.02242127180714286
2022-02-05,0.018933000242857146
2022-02-06,0.015444728678571428
2022-02-07,0.011956457114285717
2022-02-08,0.00846818555
2022-02-09,0.006087154578571429
2022-02-10,0.0037061236071428577
2022-02-11,0.0013250926357142867
2022-02-12,-0.0010559383357142845
2022-02-13,-0.0034369693071428565
2022-02-14,-0.005818000278571427
2022-02-15,-0.008199031249999999
2022-02-16,-0.00885048757142857
2022-02-17,-0.009501943892857141
2022-02-18,-0.010153400214285712
2022-02-19,-0.010804856535714284
2022-02-20,-0.011456312857142856
2022-02-21,-0.012107769178571428
2022-02-22,-0.012759225499999999
2022-02-23,-0.01466031614285714
2022-02-24,-0.016561406785714283
2022-02-25,-0.018462497428571426
2022-02-26,-0.02036358807142857
2022-02-27,-0.022264678714285713
2022-02-28,-0.024165769357142854
2022-03-01,-0.026066859999999997
2022-03-02,-0.02589964971428571
2022-03-03,-0.025732439428571428
2022-03-04,-0.02556522914285714
2022-03-05,-0.025398018857142855
2022-03-06,-0.025230808571428568
2022-03-07,-0.025063598285714285
2022-03-08,-0.024896388
2022-03-09,-0.025673017285714285
2022-03-10,-0.02644964657142857
2022-03-11,-0.027226275857142858
2022-03-12,-0.02800290514285714
2022-03-13,-0.028779534428571427
2022-03-14,-0.029556163714285714
2022-03-15,-0.030332793
2022-03-16,-0.031126120785714285
2022-03-17,-0.03191944857142857
2022-03-18,-0.032712776357142856
2022-03-19,-0.03350610414285714
2022-03-20,-0.034299431928571426
2022-03-21,-0.03509275971428571
2022-03-22,-0.0358860875
2022-03-23,-0.03948767114285714
2022-03-24,-0.043089254785714286
2022-03-25,-0.04669083842857143
2022-03-26,-0.05029242207142857
2022-03-27,-0.05389400571428571
2022-03-28,-0.05749558935714286
2022-03-29,-0.061097173
2022-03-30,-0.06189890507142857
2022-03-31,-0.06270063714285713
2022-04-01,-0.0635023692142857
2022-04-02,-0.06430410128571427
2022-04-03,-0.06510583335714284
2022-04-04,-0.06590756542857142
2022-04-05,-0.06670929749999999
2022-04-06,-0.06700858649999998
2022-04-07,-0.06730787549999999
2022-04-08,-0.06760716449999998
2022-04-09,-0.06790645349999999
2022-04-10,-0.06820574249999999
2022-04-11,-0.0685050315
2022-04-12,-0.06880432049999999
2022-04-13,-0.0700487817142857
2022-04-14,-0.07129324292857142
2022-04-15,-0.07253770414285714
2022-04-16,-0.07378216535714285
2022-04-17,-0.07502662657142857
2022-04-18,-0.07627108778571429
2022-04-19,-0.077515549
2022-04-20,-0.0780400755
2022-04-21,-0.078564602
2022-04-22,-0.0790891285
2022-04-23,-0.079613655
2022-04-24,-0.0801381815
2022-04-25,-0.080662708
2022-04-26,-0.0811872345
2022-04-27,-0.08021395914285714
2022-04-28,-0.07924068378571428
2022-04-29,-0.078267408428571425
2022-04-30,-0.07729413307142857
2022-05-01,-0.07632085771428572
2022-05-02,-0.07534758235714285
2022-05-03,-0.074374307
2022-05-04,-0.07511559642857144
2022-05-05,-0.07585688585714286
2022-05-06,-0.07659817528571429
2022-05-07,-0.07733946471428571
2022-05-08,-0.078080754142857145
2022-05-09,-0.07882204357142857
2022-05-10,-0.079563333
2022-05-11,-0.07935935557142858
2022-05-12,-0.07915537814285714
2022-05-13,-0.07895140071428572
2022-05-14,-0.07874742328571428
2022-05-15,-0.07854344585714286
2022-05-16,-0.07833946842857142
2022-05-17,-0.078135491
2022-05-18,-0.07853562557142857
2022-05-19,-0.07893576014285715
2022-05-20,-0.07933589471428572
2022-05-21,-0.07973602928571429
2022-05-22,-0.08013616385714285
2022-05-23,-0.08053629842857143
2022-05-24,-0.080936433
2022-05-25,-0.0810289855
2022-05-26,-0.081121538000000007
2022-05-27,-0.0812140905
2022-05-28,-0.081306643
2022-05-29,-0.0813991955
2022-05-30,-0.081491748
2022-05-31,-0.0815843005
2022-06-01,-0.08086650935714286
2022-06-02,-0.08014871821428571
2022-06-03,-0.07943092707142857
2022-06-04,-0.07871313592857143
2022-06-05,-0.0779953447857143
2022-06-06,-0.07727755364285714
2022-06-07,-0.0765597625
2022-06-08,-0.07691493535714286
2022-06-09,-0.07727010821428572
2022-06-10,-0.07762528107142858
2022-06-11,-0.07798045392857143
2022-06-12,-0.07833562678571429
2022-06-13,-0.07869079964285715
2022-06-14,-0.0790459725
2022-06-15,-0.07969598771428572
2022-06-16,-0.08034600292857143
2022-06-17,-0.08099601814285715
2022-06-18,-0.08164603335714285
2022-06-19,-0.08229604857142857
2022-06-20,-0.08294606378571427
2022-06-21,-0.08359607899999999
2022-06-22,-0.08360863499999999
2022-06-23,-0.083621191
2022-06-24,-0.083633747
2022-06-25,-0.08364630299999999
2022-06-26,-0.08365885899999999
2022-06-27,-0.083671415
2022-06-28,-0.083683971
2022-06-29,-0.08378158078571428
2022-06-30,-0.08387919057142856
2022-07-01,-0.08397680035714285
2022-07-02,-0.08407441014285714
2022-07-03,-0.08417201992857143
2022-07-04,-0.08426962971428571
2022-07-05,-0.0843672395
2022-07-06,-0.08434037592857142
2022-07-07,-0.08431351235714285
2022-07-08,-0.08428664878571428
2022-07-09,-0.08425978521428572
2022-07-10,-0.08423292164285714
2022-07-11,-0.08420605807142857
2022-07-12,-0.0841791945
2022-07-13,-0.08382398635714286
2022-07-14,-0.08346877821428571
2022-07-15,-0.08311357007142857
2022-07-16,-0.08275836192857143
2022-07-17,-0.08240315378571429
2022-07-18,-0.08204794564285714
2022-07-19,-0.0816927375
2022-07-20,-0.08204621378571429
2022-07-21,-0.08239969007142857
2022-07-22,-0.08275316635714286
2022-07-23,-0.08310664264285714
2022-07-24,-0.08346011892857143
2022-07-25,-0.0838135952142857
2022-07-26,-0.0841670715
2022-07-27,-0.08237841264285714
2022-07-28,-0.08058975378571429
2022-07-29,-0.07880109492857143
2022-07-30,-0.07701243607142856
2022-07-31,-0.0752237772142857
2022-08-01,-0.07343511835714285
2022-08-02,-0.0716464595
2022-08-03,-0.06966192421428571
2022-08-04,-0.06767738892857142
2022-08-05,-0.06569285364285714
2022-08-06,-0.06370831835714286
2022-08-07,-0.06172378307142857
2022-08-08,-0.05973924778571429
2022-08-09,-0.0577547125
2022-08-10,-0.05714333585714285
2022-08-11,-0.056531959214285714
2022-08-12,-0.05592058257142857
2022-08-13,-0.05530920592857143
2022-08-14,-0.05469782928571428
2022-08-15,-0.05408645264285714
2022-08-16,-0.053475075999999996
2022-08-17,-0.05445424457142857
2022-08-18,-0.05543341314285714
2022-08-19,-0.05641258171428571
2022-08-20,-0.057391750285714284
2022-08-21,-0.05837091885714286
2022-08-22,-0.059350087428571424
2022-08-23,-0.060329256
2022-08-24,-0.059211550071428566
2022-08-25,-0.05809384414285714
2022-08-26,-0.05697613821428571
2022-08-27,-0.055858432285714285
2022-08-28,-0.054740726357142853
2022-08-29,-0.05362302042857143
2022-08-30,-0.0525053145
2022-08-31,-0.05199355735714285
2022-09-01,-0.051481800214285715
2022-09-02,-0.05097004307142857
2022-09-03,-0.05045828592857143
2022-09-04,-0.04994652878571428
2022-09-05,-0.049434771642857145
2022-09-06,-0.0489230145
2022-09-07,-0.048190113785714285
2022-09-08,-0.04745721307142857
2022-09-09,-0.046724312357142854
2022-09-10,-0.045991411642857145
2022-09-11,-0.04525851092857143
2022-09-12,-0.044525610214285714
2022-09-13,-0.0437927095
2022-09-14,-0.0446986675
2022-09-15,-0.0456046255
2022-09-16,-0.0465105835
2022-09-17,-0.0474165415
2022-09-18,-0.0483224995
2022-09-19,-0.0492284575
2022-09-20,-0.0501344155
2022-09-21,-0.050025740785714284
2022-09-22,-0.049917066071428574
2022-09-23,-0.04980839135714286
2022-09-24,-0.04969971664285714
2022-09-25,-0.049591041928571424
2022-09-26,-0.049482367214285713
2022-09-27,-0.0493736925
2022-09-28,-0.04816406542857143
2022-09-29,-0.04695443835714286
2022-09-30,-0.04574481128571429
2022-10-01,-0.04453518421428571
2022-10-02,-0.04332555714285714
2022-10-03,-0.042115930071428574
2022-10-04,-0.040906303000000005
2022-10-05,-0.040124945
2022-10-06,-0.039343587000000006
2022-10-07,-0.038562229
2022-10-08,-0.037780871
2022-10-09,-0.036999513
2022-10-10,-0.036218155
2022-10-11,-0.035436797
2022-10-12,-0.034622221142857144
2022-10-13,-0.03380764528571428
2022-10-14,-0.03299306942857143
2022-10-15,-0.032178493571428574
2022-10-16,-0.03136391771428571
2022-10-17,-0.030549341857142857
2022-10-18,-0.029734766
2022-10-19,-0.027809070785714284
2022-10-20,-0.02588337557142857
2022-10-21,-0.023957680357142856
2022-10-22,-0.022031985142857143
2022-10-23,-0.020106289928571427
2022-10-24,-0.018180594714285715
2022-10-25,-0.0162548995
2022-10-26,-0.01565200007142857
2022-10-27,-0.015049100642857144
2022-10-28,-0.014446201214285715
2022-10-29,-0.013843301785714286
2022-10-30,-0.013240402357142857
2022-10-31,-0.01263750292857143
2022-11-01,-0.012034603500000001
2022-11-02,-0.013608248571428573
2022-11-03,-0.015181893642857144
2022-11-04,-0.016755538714285714
2022-11-05,-0.018329183785714288
2022-11-06,-0.019902828857142858
2022-11-07,-0.021476473928571427
2022-11-08,-0.023050119
2022-11-09,-0.024393914142857142
2022-11-10,-0.025737709285714287
2022-11-11,-0.027081504428571428
2022-11-12,-0.028425299571428572
2022-11-13,-0.029769094714285713
2022-11-14,-0.031112889857142854
2022-11-15,-0.032456685
2022-11-16,-0.0333758235
2022-11-17,-0.034294962
2022-11-18,-0.0352141005
2022-11-19,-0.036133239
2022-11-20,-0.0370523775
2022-11-21,-0.037971516
2022-11-22,-0.038890654499999996
2022-11-23,-0.039545257214285714
2022-11-24,-0.040199859928571426
2022-11-25,-0.040854462642857144
2022-11-26,-0.041509065357142855
2022-11-27,-0.04216366807142857
2022-11-28,-0.042818270785714284
2022-11-29,-0.0434728735
2022-11-30,-0.044314595500000005
2022-12-01,-0.0451563175
2022-12-02,-0.045998039500000004
2022-12-03,-0.0468397615
2022-12-04,-0.0476814835
2022-12-05,-0.0485232055
2022-12-06,-0.0493649275
2022-12-07,-0.050193636285714285
2022-12-08,-0.051022345071428575
2022-12-09,-0.05185105385714286
2022-12-10,-0.05267976264285714
2022-12-11,-0.05350847142857142
2022-12-12,-0.05433718021428571
2022-12-13,-0.055165888999999996
2022-12-14,-0.05465501214285714
2022-12-15,-0.05414413528571428
2022-12-16,-0.053633258428571425
2022-12-17,-0.053122381571428574
2022-12-18,-0.05261150471428572
2022-12-19,-0.05210062785714286
2022-12-20,-0.051589751
2022-12-21,-0.051621238214285714
2022-12-22,-0.05165272542857143
2022-12-23,-0.05168421264285714
2022-12-24,-0.05171569985714286
2022-12-25,-0.05174718707142857
2022-12-26,-0.05177867428571429
2022-12-27,-0.0518101615
2022-12-28,-0.05113737978571429
2022-12-29,-0.05046459807142857
2022-12-30,-0.04979181635714286
2022-12-31,-0.04911903464285714
2023-01-01,-0.04844625292857143
2023-01-02,-0.04777347121428571
2023-01-03,-0.0471006895
2023-01-04,-0.047848498642857146
2023-01-05,-0.048596307785714284
2023-01-06,-0.04934411692857143
2023-01-07,-0.05009192607142857
2023-01-08,-0.05083973521428572
2023-01-09,-0.051587544357142856
2023-01-10,-0.0523353535
2023-01-11,-0.052141747214285716
2023-01-12,-0.051948140928571425
2023-01-13,-0.05175453464285714
2023-01-14,-0.051560928357142856
2023-01-15,-0.05136732207142857
2023-01-16,-0.05117371578571428
2023-01-17,-0.050980109499999995
2023-01-18,-0.049553634857142856
2023-01-19,-0.04812716021428571
2023-01-20,-0.04670068557142857
2023-01-21,-0.04527421092857143
2023-01-22,-0.04384773628571429
2023-01-23,-0.042421261642857144
2023-01-24,-0.040994787000000005
2023-01-25,-0.042390328571428576
2023-01-26,-0.04378587014285715
2023-01-27,-0.04518141171428572
2023-01-28,-0.04657695328571429
2023-01-29,-0.04797249485714286
2023-01-30,-0.04936803642857143
2023-01-31,-0.050763578000000004
2023-02-01,-0.051421268928571434
2023-02-02,-0.05207895985714286
2023-02-03,-0.05273665078571429
2023-02-04,-0.05339434171428572
2023-02-05,-0.05405203264285715
2023-02-06,-0.05470972357142857
2023-02-07,-0.0553674145
2023-02-08,-0.05548429114285715
2023-02-09,-0.055601167785714285
2023-02-10,-0.05571804442857143
2023-02-11,-0.055834921071428574
2023-02-12,-0.05595179771428572
2023-02-13,-0.056068674357142856
2023-02-14,-0.056185551
2023-02-15,-0.05621192478571429
2023-02-16,-0.05623829857142857
2023-02-17,-0.05626467235714286
2023-02-18,-0.05629104614285714
2023-02-19,-0.05631741992857143
2023-02-20,-0.05634379371428571
2023-02-21,-0.0563701675
2023-02-22,-0.05549898292857143
2023-02-23,-0.054627798357142855
2023-02-24,-0.05375661378571429
2023-02-25,-0.05288542921428571
2023-02-26,-0.052014244642857144
2023-02-27,-0.05114306007142857
2023-02-28,-0.0502718755
2023-03-01,-0.050211292928571426
2023-03-02,-0.05015071035714286
2023-03-03,-0.050090127785714283
2023-03-04,-0.050029545214285716
2023-03-05,-0.04996896264285714
2023-03-06,-0.049908380071428574
2023-03-07,-0.0498477975
2023-03-08,-0.04965973528571428
2023-03-09,-0.04947167307142857
2023-03-10,-0.049283610857142855
2023-03-11,-0.049095548642857145
2023-03-12,-0.04890748642857143
2023-03-13,-0.04871942421428572
2023-03-14,-0.048531362
2023-03-15,-0.048414259714285715
2023-03-16,-0.04829715742857143
2023-03-17,-0.04818005514285714
2023-03-18,-0.048062952857142856
2023-03-19,-0.04794585057142857
2023-03-20,-0.04782874828571428
2023-03-21,-0.047711645999999996
2023-03-22,-0.04790372864285714
2023-03-23,-0.04809581128571428
2023-03-24,-0.048287893928571426
2023-03-25,-0.04847997657142857
2023-03-26,-0.04867205921428572
2023-03-27,-0.048864141857142857
2023-03-28,-0.0490562245
2023-03-29,-0.04906423671428572
2023-03-30,-0.049072248928571434
2023-03-31,-0.04908026114285715
2023-04-01,-0.04908827335714286
2023-04-02,-0.049096285571428575
2023-04-03,-0.04910429778571429
2023-04-04,-0.049112310000000006
2023-04-05,-0.05050259228571429
2023-04-06,-0.05189287457142858
2023-04-07,-0.05328315685714286
2023-04-08,-0.05467343914285714
2023-04-09,-0.056063721428571425
2023-04-10,-0.05745400371428571
2023-04-11,-0.058844285999999996
2023-04-12,-0.05838317821428571
2023-04-13,-0.05792207042857143
2023-04-14,-0.05746096264285714
2023-04-15,-0.05699985485714285
2023-04-16,-0.056538747071428565
2023-04-17,-0.056077639285714284
2023-04-18,-0.0556165315
2023-04-19,-0.057497099428571424
2023-04-20,-0.05937766735714285
2023-04-21,-0.06125823528571428
2023-04-22,-0.06313880321428571
2023-04-23,-0.06501937114285714
2023-04-24,-0.06689993907142856
2023-04-25,-0.06878050699999999
2023-04-26,-0.06790435049999999
2023-04-27,-0.067028194
2023-04-28,-0.0661520375
2023-04-29,-0.065275881
2023-04-30,-0.06439972449999999
2023-05-01,-0.063523568
2023-05-02,-0.0626474115
2023-05-03,-0.062114105642857145
2023-05-04,-0.061580799785714284
2023-05-05,-0.06104749392857143
2023-05-06,-0.060514188071428575
2023-05-07,-0.05998088221428572
2023-05-08,-0.05944757635714286
2023-05-09,-0.058914270500000004
2023-05-10,-0.058571856000000005
2023-05-11,-0.0582294415
2023-05-12,-0.057887027
2023-05-13,-0.0575446125
2023-05-14,-0.057202198
2023-05-15,-0.0568597835
2023-05-16,-0.056517369
2023-05-17,-0.057525498
2023-05-18,-0.058533627
2023-05-19,-0.059541756
2023-05-20,-0.060549885
2023-05-21,-0.061558014
2023-05-22,-0.062566143
2023-05-23,-0.063574272
2023-05-24,-0.064822664
2023-05-25,-0.066071056
2023-05-26,-0.067319448
2023-05-27,-0.06856783999999999
2023-05-28,-0.06981623199999999
2023-05-29,-0.07106462399999999
2023-05-30,-0.072313016
2023-05-31,-0.07155903342857142
2023-06-01,-0.07080505085714285
2023-06-02,-0.07005106828571428
2023-06-03,-0.06929708571428571
2023-06-04,-0.06854310314285714
2023-06-05,-0.06778912057142857
2023-06-06,-0.067035138
2023-06-07,-0.06646453528571428
2023-06-08,-0.06589393257142857
2023-06-09,-0.06532332985714286
2023-06-10,-0.06475272714285714
2023-06-11,-0.06418212442857142
2023-06-12,-0.06361152171428572
2023-06-13,-0.063040919
2023-06-14,-0.06364687707142858
2023-06-15,-0.06425283514285714
2023-06-16,-0.06485879321428571
2023-06-17,-0.06546475128571429
2023-06-18,-0.06607070935714286
2023-06-19,-0.06667666742857142
2023-06-20,-0.0672826255
2023-06-21,-0.06769038678571429
2023-06-22,-0.06809814807142857
2023-06-23,-0.06850590935714286
2023-06-24,-0.06891367064285714
2023-06-25,-0.06932143192857143
2023-06-26,-0.06972919321428571
2023-06-27,-0.0701369545
2023-06-28,-0.07053235514285715
2023-06-29,-0.07092775578571428
2023-06-30,-0.07132315642857143
2023-07-01,-0.07171855707142857
2023-07-02,-0.07211395771428572
2023-07-03,-0.07250935835714285
2023-07-04,-0.072904759
2023-07-05,-0.07464117235714286
2023-07-06,-0.07637758571428571
2023-07-07,-0.07811399907142857
2023-07-08,-0.07985041242857142
2023-07-09,-0.08158682578571429
2023-07-10,-0.08332323914285714
2023-07-11,-0.0850596525
2023-07-12,-0.08519883314285714
2023-07-13,-0.08533801378571429
2023-07-14,-0.08547719442857143
2023-07-15,-0.08561637507142857
2023-07-16,-0.08575555571428571
2023-07-17,-0.08589473635714286
2023-07-18,-0.086033917
2023-07-19,-0.08679764014285714
2023-07-20,-0.08756136328571429
2023-07-21,-0.08832508642857143
2023-07-22,-0.08908880957142858
2023-07-23,-0.08985253271428571
2023-07-24,-0.09061625585714286
2023-07-25,-0.091379979
2023-07-26,-0.09094481235714286
2023-07-27,-0.09050964571428571
2023-07-28,-0.09007447907142857
2023-07-29,-0.08963931242857143
2023-07-30,-0.08920414578571428
2023-07-31,-0.08876897914285714
2023-08-01,-0.0883338125
2023-08-02,-0.08808706392857142
2023-08-03,-0.08784031535714286
2023-08-04,-0.08759356678571428
2023-08-05,-0.08734681821428572
2023-08-06,-0.08710006964285714
2023-08-07,-0.08685332107142858
2023-08-08,-0.0866065725
2023-08-09,-0.08575187707142858
2023-08-10,-0.08489718164285714
2023-08-11,-0.08404248621428571
2023-08-12,-0.0831877907857143
2023-08-13,-0.08233309535714287
2023-08-14,-0.08147839992857143
2023-08-15,-0.0806237045
2023-08-16,-0.08033261521428572
2023-08-17,-0.08004152592857143
2023-08-18,-0.07975043664285715
2023-08-19,-0.07945934735714286
2023-08-20,-0.07916825807142858
2023-08-21,-0.07887716878571428
2023-08-22,-0.0785860795
2023-08-23,-0.07849284485714286
2023-08-24,-0.07839961021428571
2023-08-25,-0.07830637557142857
2023-08-26,-0.07821314092857143
2023-08-27,-0.07811990628571429
2023-08-28,-0.07802667164285713
2023-08-29,-0.077933437
2023-08-30,-0.0777908
2023-08-31,-0.07764816299999999
2023-09-01,-0.07750552599999999
2023-09-02,-0.077362889
2023-09-03,-0.077220252
2023-09-04,-0.077077615
2023-09-05,-0.076934978
2023-09-06,-0.07813943607142858
2023-09-07,-0.07934389414285714
2023-09-08,-0.08054835221428572
2023-09-09,-0.08175281028571428
2023-09-10,-0.08295726835714286
2023-09-11,-0.08416172642857142
2023-09-12,-0.0853661845
2023-09-13,-0.0843144657142857
2023-09-14,-0.08326274692857143
2023-09-15,-0.08221102814285713
2023-09-16,-0.08115930935714286
2023-09-17,-0.08010759057142856
2023-09-18,-0.07905587178571429
2023-09-19,-0.07800415299999999
2023-09-20,-0.0772194617142857
2023-09-21,-0.07643477042857143
2023-09-22,-0.07565007914285714
2023-09-23,-0.07486538785714285
2023-09-24,-0.07408069657142856
2023-09-25,-0.07329600528571428
2023-09-26,-0.072511314
2023-09-27,-0.07255390814285714
2023-09-28,-0.07259650228571428
2023-09-29,-0.07263909642857143
2023-09-30,-0.07268169057142856
2023-10-01,-0.07272428471428571
2023-10-02,-0.07276687885714285
2023-10-03,-0.072809473
2023-10-04,-0.07513746078571429
2023-10-05,-0.07746544857142856
2023-10-06,-0.07979343635714285
2023-10-07,-0.08212142414285714
2023-10-08,-0.08444941192857143
2023-10-09,-0.0867773997142857
2023-10-10,-0.0891053875
2023-10-11,-0.08930444835714285
2023-10-12,-0.08950350921428571
2023-10-13,-0.08970257007142857
2023-10-14,-0.08990163092857142
2023-10-15,-0.09010069178571428
2023-10-16,-0.09029975264285714
2023-10-17,-0.0904988135
2023-10-18,-0.08919407564285714
2023-10-19,-0.08788933778571428
2023-10-20,-0.08658459992857143
2023-10-21,-0.08527986207142857
2023-10-22,-0.08397512421428571
2023-10-23,-0.08267038635714286
2023-10-24,-0.0813656485
2023-10-25,-0.08080859457142857
2023-10-26,-0.08025154064285714
2023-10-27,-0.07969448671428571
2023-10-28,-0.07913743278571429
2023-10-29,-0.07858037885714286
2023-10-30,-0.07802332492857143
2023-10-31,-0.077466271
2023-11-01,-0.07739156950000001
2023-11-02,-0.077316868
2023-11-03,-0.0772421665
2023-11-04,-0.077167465
2023-11-05,-0.07709276350000001
2023-11-06,-0.077018062
2023-11-07,-0.0769433605
2023-11-08,-0.0765636017857143
2023-11-09,-0.07618384307142857
2023-11-10,-0.07580408435714286
2023-11-11,-0.07542432564285714
2023-11-12,-0.07504456692857144
2023-11-13,-0.07466480821428571
2023-11-14,-0.0742850495
2023-11-15,-0.07434163021428572
2023-11-16,-0.07439821092857143
2023-11-17,-0.07445479164285715
2023-11-18,-0.07451137235714286
2023-11-19,-0.07456795307142858
2023-11-20,-0.07462453378571429
2023-11-21,-0.0746811145
2023-11-22,-0.07410768514285715
2023-11-23,-0.07353425578571429
2023-11-24,-0.07296082642857143
2023-11-25,-0.07238739707142858
2023-11-26,-0.07181396771428572
2023-11-27,-0.07124053835714286
2023-11-28,-0.070667109
2023-11-29,-0.06993420078571429
2023-11-30,-0.06920129257142857
2023-12-01,-0.06846838435714285
2023-12-02,-0.06773547614285715
2023-12-03,-0.06700256792857143
2023-12-04,-0.06626965971428571
2023-12-05,-0.06553675149999999
2023-12-06,-0.06627155157142857
2023-12-07,-0.06700635164285713
2023-12-08,-0.06774115171428571
2023-12-09,-0.06847595178571428
2023-12-10,-0.06921075185714286
2023-12-11,-0.06994555192857142
2023-12-12,-0.070680352
2023-12-13,-0.07050312442857143
2023-12-14,-0.07032589685714286
2023-12-15,-0.07014866928571428
2023-12-16,-0.06997144171428572
2023-12-17,-0.06979421414285715
2023-12-18,-0.06961698657142858
2023-12-19,-0.069439759
2023-12-20,-0.068799294
2023-12-21,-0.068158829
2023-12-22,-0.067518364
2023-12-23,-0.066877899
2023-12-24,-0.066237434
2023-12-25,-0.065596969
2023-12-26,-0.064956504
2023-12-27,-0.06558754235714286
2023-12-28,-0.06621858071428571
2023-12-29,-0.06684961907142857
2023-12-30,-0.06748065742857143
2023-12-31,-0.06811169578571429
2024-01-01,-0.06874273414285714
2024-01-02,-0.0693737725
2024-01-03,-0.06867066985714286
2024-01-04,-0.06796756721428572
2024-01-05,-0.06726446457142858
2024-01-06,-0.06656136192857143
2024-01-07,-0.06585825928571429
2024-01-08,-0.06515515664285715
2024-01-09,-0.06445205400000001
2024-01-10,-0.06405915964285715
2024-01-11,-0.0636662652857143
2024-01-12,-0.06327337092857144
2024-01-13,-0.06288047657142858
2024-01-14,-0.06248758221428572
2024-01-15,-0.06209468785714286
2024-01-16,-0.061701793500000005
2024-01-17,-0.060286405214285715
2024-01-18,-0.05887101692857143
2024-01-19,-0.057455628642857144
2024-01-20,-0.05604024035714286
2024-01-21,-0.05462485207142857
2024-01-22,-0.05320946378571429
2024-01-23,-0.0517940755
2024-01-24,-0.050900487214285715
2024-01-25,-0.05000689892857143
2024-01-26,-0.04911331064285714
2024-01-27,-0.048219722357142863
2024-01-28,-0.04732613407142858
2024-01-29,-0.04643254578571429
2024-01-30,-0.045538957500000005
2024-01-31,-0.045512069142857145
2024-02-01,-0.04548518078571429
2024-02-02,-0.04545829242857143
2024-02-03,-0.04543140407142857
2024-02-04,-0.04540451571428571
2024-02-05,-0.04537762735714286
2024-02-06,-0.045350739
2024-02-07,-0.04533854735714286
2024-02-08,-0.04532635571428571
2024-02-09,-0.04531416407142857
2024-02-10,-0.04530197242857143
2024-02-11,-0.04528978078571429
2024-02-12,-0.04527758914285714
2024-02-13,-0.0452653975
2024-02-14,-0.04631548707142857
2024-02-15,-0.04736557664285714
2024-02-16,-0.04841566621428571
2024-02-17,-0.049465755785714285
2024-02-18,-0.050515845357142854
2024-02-19,-0.05156593492857143
2024-02-20,-0.0526160245
2024-02-21,-0.05329050542857142
2024-02-22,-0.053964986357142856
2024-02-23,-0.05463946728571428
2024-02-24,-0.055313948214285716
2024-02-25,-0.05598842914285714
2024-02-26,-0.056662910071428575
2024-02-27,-0.057337391
2024-02-28,-0.05898046242857143
2024-02-29,-0.06062353385714286
2024-03-01,-0.06226660528571429
2024-03-02,-0.06390967671428571
2024-03-03,-0.06555274814285714
2024-03-04,-0.06719581957142857
2024-03-05,-0.068838891
2024-03-06,-0.07136448557142858
2024-03-07,-0.07389008014285714
2024-03-08,-0.07641567471428572
2024-03-09,-0.07894126928571428
2024-03-10,-0.08146686385714286
2024-03-11,-0.08399245842857142
2024-03-12,-0.086518053
2024-03-13,-0.08841325842857142
2024-03-14,-0.09030846385714286
2024-03-15,-0.09220366928571429
2024-03-16,-0.09409887471428571
2024-03-17,-0.09599408014285714
2024-03-18,-0.09788928557142858
2024-03-19,-0.099784491
2024-03-20,-0.10012042514285714
2024-03-21,-0.10045635928571428
2024-03-22,-0.10079229342857142
2024-03-23,-0.10112822757142857
2024-03-24,-0.10146416171428571
2024-03-25,-0.10180009585714285
2024-03-26,-0.10213602999999999
2024-03-27,-0.10481596714285714
2024-03-28,-0.10749590428571427
2024-03-29,-0.11017584142857142
2024-03-30,-0.11285577857142856
2024-03-31,-0.11553571571428571
2024-04-01,-0.11821565285714285
2024-04-02,-0.12089559
2024-04-03,-0.12346421071428572
2024-04-04,-0.12603283142857144
2024-04-05,-0.12860145214285715
2024-04-06,-0.13117007285714286
2024-04-07,-0.13373869357142856
2024-04-08,-0.1363073142857143
2024-04-09,-0.138875935
2024-04-10,-0.13956372142857143
2024-04-11,-0.14025150785714285
2024-04-12,-0.14093929428571428
2024-04-13,-0.14162708071428573
2024-04-14,-0.14231486714285715
2024-04-15,-0.14300265357142858
2024-04-16,-0.14369044
2024-04-17,-0.14358322071428573
2024-04-18,-0.14347600142857142
2024-04-19,-0.14336878214285714
2024-04-20,-0.14326156285714287
2024-04-21,-0.1431543435714286
2024-04-22,-0.14304712428571428
2024-04-23,-0.142939905
2024-04-24,-0.14523684214285715
2024-04-25,-0.1475337792857143
2024-04-26,-0.14983071642857143
2024-04-27,-0.15212765357142857
2024-04-28,-0.15442459071428571
2024-04-29,-0.15672152785714286
2024-04-30,-0.159018465
2024-05-01,-0.160755965
2024-05-02,-0.162493465
2024-05-03,-0.164230965
2024-05-04,-0.165968465
2024-05-05,-0.167705965
2024-05-06,-0.16944346500000002
2024-05-07,-0.17118096500000002
2024-05-08,-0.17075886714285715
2024-05-09,-0.1703367692857143
2024-05-10,-0.16991467142857145
2024-05-11,-0.16949257357142858
2024-05-12,-0.1690704757142857
2024-05-13,-0.16864837785714287
2024-05-14,-0.16822628
2024-05-15,-0.166973795
2024-05-16,-0.16572131
2024-05-17,-0.164468825
2024-05-18,-0.16321634
2024-05-19,-0.161963855
2024-05-20,-0.16071137
2024-05-21,-0.159458885
2024-05-22,-0.15903557357142856
2024-05-23,-0.15861226214285715
2024-05-24,-0.1581889507142857
2024-05-25,-0.15776563928571427
2024-05-26,-0.15734232785714283
2024-05-27,-0.15691901642857142
2024-05-28,-0.15649570499999998
2024-05-29,-0.15632066428571428
2024-05-30,-0.15614562357142855
2024-05-31,-0.15597058285714285
2024-06-01,-0.15579554214285715
2024-06-02,-0.15562050142857145
2024-06-03,-0.15544546071428572
2024-06-04,-0.15527042000000002
2024-06-05,-0.15487087500000002
2024-06-06,-0.15447133000000002
2024-06-07,-0.15407178500000002
2024-06-08,-0.15367224000000002
2024-06-09,-0.15327269500000001
2024-06-10,-0.15287315
2024-06-11,-0.152473605
2024-06-12,-0.15391915642857143
2024-06-13,-0.15536470785714288
2024-06-14,-0.1568102592857143
2024-06-15,-0.15825581071428574
2024-06-16,-0.15970136214285716
2024-06-17,-0.1611469135714286
2024-06-18,-0.16259246500000002
2024-06-19,-0.16273432714285715
2024-06-20,-0.1628761892857143
2024-06-21,-0.16301805142857143
2024-06-22,-0.1631599135714286
2024-06-23,-0.16330177571428572
2024-06-24,-0.16344363785714286
2024-06-25,-0.1635855
2024-06-26,-0.16301825642857143
2024-06-27,-0.16245101285714286
2024-06-28,-0.1618837692857143
2024-06-29,-0.1613165257142857
2024-06-30,-0.16074928214285714
2024-07-01,-0.16018203857142857
2024-07-02,-0.159614795
2024-07-03,-0.15850226785714286
2024-07-04,-0.15738974071428571
2024-07-05,-0.15627721357142857
2024-07-06,-0.15516468642857145
2024-07-07,-0.1540521592857143
2024-07-08,-0.15293963214285716
2024-07-09,-0.15182710500000002
2024-07-10,-0.15220979571428572
2024-07-11,-0.15259248642857146
2024-07-12,-0.15297517714285716
2024-07-13,-0.15335786785714287
2024-07-14,-0.15374055857142857
2024-07-15,-0.1541232492857143
2024-07-16,-0.15450594
2024-07-17,-0.15591550357142858
2024-07-18,-0.15732506714285716
2024-07-19,-0.15873463071428573
2024-07-20,-0.16014419428571428
2024-07-21,-0.16155375785714285
2024-07-22,-0.16296332142857142
2024-07-23,-0.164372885
2024-07-24,-0.16452434428571427
2024-07-25,-0.16467580357142858
2024-07-26,-0.16482726285714286
2024-07-27,-0.16497872214285714
2024-07-28,-0.16513018142857142
2024-07-29,-0.16528164071428572
2024-07-30,-0.1654331
2024-07-31,-0.16570982285714286
2024-08-01,-0.1659865457142857
2024-08-02,-0.16626326857142856
2024-08-03,-0.16653999142857143
2024-08-04,-0.1668167142857143
2024-08-05,-0.16709343714285713
2024-08-06,-0.16737016
2024-08-07,-0.16716273428571427
2024-08-08,-0.16695530857142857
2024-08-09,-0.16674788285714284
2024-08-10,-0.16654045714285715
2024-08-11,-0.16633303142857142
2024-08-12,-0.16612560571428572
2024-08-13,-0.16591818
2024-08-14,-0.16551621285714285
2024-08-15,-0.1651142457142857
2024-08-16,-0.16471227857142856
2024-08-17,-0.16431031142857144
2024-08-18,-0.1639083442857143
2024-08-19,-0.16350637714285715
2024-08-20,-0.16310441
2024-08-21,-0.1640883792857143
2024-08-22,-0.16507234857142858
2024-08-23,-0.16605631785714287
2024-08-24,-0.16704028714285715
2024-08-25,-0.16802425642857144
2024-08-26,-0.16900822571428573
2024-08-27,-0.169992195
2024-08-28,-0.170666965
2024-08-29,-0.17134173500000002
2024-08-30,-0.17201650500000001
2024-08-31,-0.172691275
2024-09-01,-0.173366045
2024-09-02,-0.17404081500000002
2024-09-03,-0.174715585
2024-09-04,-0.1757388342857143
2024-09-05,-0.17676208357142859
2024-09-06,-0.17778533285714287
2024-09-07,-0.17880858214285714
2024-09-08,-0.17983183142857143
2024-09-09,-0.18085508071428572
2024-09-10,-0.18187833
2024-09-11,-0.18279434357142857
2024-09-12,-0.18371035714285713
2024-09-13,-0.1846263707142857
2024-09-14,-0.1855423842857143
2024-09-15,-0.18645839785714285
2024-09-16,-0.18737441142857142
2024-09-17,-0.18829042499999998
2024-09-18,-0.18815685499999998
2024-09-19,-0.18802328499999998
2024-09-20,-0.18788971499999998
2024-09-21,-0.187756145
2024-09-22,-0.187622575
2024-09-23,-0.18748900500000001
2024-09-24,-0.18735543500000001
2024-09-25,-0.18658776785714287
2024-09-26,-0.18582010071428573
2024-09-27,-0.1850524335714286
2024-09-28,-0.18428476642857144
2024-09-29,-0.1835170992857143
2024-09-30,-0.18274943214285716
2024-10-01,-0.18198176500000002
2024-10-02,-0.18161958142857143
2024-10-03,-0.18125739785714287
2024-10-04,-0.18089521428571428
2024-10-05,-0.18053303071428572
2024-10-06,-0.18017084714285714
2024-10-07,-0.17980866357142858
2024-10-08,-0.17944648
2024-10-09,-0.17949344642857143
2024-10-10,-0.17954041285714284
2024-10-11,-0.17958737928571428
2024-10-12,-0.17963434571428571
2024-10-13,-0.17968131214285715
2024-10-14,-0.17972827857142856
2024-10-15,-0.179775245
2024-10-16,-0.1799252592857143
2024-10-17,-0.18007527357142858
2024-10-18,-0.18022528785714287
2024-10-19,-0.18037530214285713
2024-10-20,-0.18052531642857142
2024-10-21,-0.1806753307142857
2024-10-22,-0.180825345
2024-10-23,-0.18160830142857143
2024-10-24,-0.18239125785714286
2024-10-25,-0.1831742142857143
2024-10-26,-0.18395717071428572
2024-10-27,-0.18474012714285715
2024-10-28,-0.18552308357142858
2024-10-29,-0.18630604
2024-10-30,-0.18537960071428572
2024-10-31,-0.18445316142857143
2024-11-01,-0.18352672214285715
2024-11-02,-0.18260028285714286
2024-11-03,-0.18167384357142857
2024-11-04,-0.18074740428571429
2024-11-05,-0.179820965
2024-11-06,-0.17954783785714284
2024-11-07,-0.17927471071428572
2024-11-08,-0.17900158357142856
2024-11-09,-0.17872845642857144
2024-11-10,-0.17845532928571428
2024-11-11,-0.17818220214285715
2024-11-12,-0.177909075
2024-11-13,-0.17820623714285713
2024-11-14,-0.1785033992857143
2024-11-15,-0.17880056142857143
2024-11-16,-0.17909772357142859
2024-11-17,-0.17939488571428572
2024-11-18,-0.17969204785714288
2024-11-19,-0.17998921
2024-11-20,-0.17993282785714287
2024-11-21,-0.1798764457142857
2024-11-22,-0.17982006357142857
2024-11-23,-0.17976368142857144
2024-11-24,-0.1797072992857143
2024-11-25,-0.17965091714285714
2024-11-26,-0.179594535
2024-11-27,-0.18091689357142857
2024-11-28,-0.18223925214285713
2024-11-29,-0.1835616107142857
2024-11-30,-0.1848839692857143
2024-12-01,-0.18620632785714286
2024-12-02,-0.18752868642857143
2024-12-03,-0.188851045
2024-12-04,-0.18792976071428572
2024-12-05,-0.18700847642857144
2024-12-06,-0.18608719214285716
2024-12-07,-0.18516590785714285
2024-12-08,-0.18424462357142857
2024-12-09,-0.1833233392857143
2024-12-10,-0.182402055
2024-12-11,-0.1830027992857143
2024-12-12,-0.18360354357142858
2024-12-13,-0.18420428785714288
2024-12-14,-0.18480503214285715
2024-12-15,-0.18540577642857145
2024-12-16,-0.18600652071428572
2024-12-17,-0.18660726500000002
2024-12-18,-0.1855234835714286
2024-12-19,-0.18443970214285715
2024-12-20,-0.18335592071428572
2024-12-21,-0.1822721392857143
2024-12-22,-0.18118835785714288
2024-12-23,-0.18010457642857144
2024-12-24,-0.179020795
2024-12-25,-0.18164185142857145
2024-12-26,-0.18426290785714286
2024-12-27,-0.1868839642857143
2024-12-28,-0.1895050207142857
2024-12-29,-0.19212607714285715
2024-12-30,-0.19474713357142856
2024-12-31,-0.19736819
2025-01-01,-0.19772472928571427
2025-01-02,-0.19808126857142858
2025-01-03,-0.19843780785714285
2025-01-04,-0.19879434714285713
2025-01-05,-0.1991508864285714
2025-01-06,-0.1995074257142857
2025-01-07,-0.19986396499999998
2025-01-08,-0.19896603999999998
2025-01-09,-0.198068115
2025-01-10,-0.19717019
2025-01-11,-0.19627226499999997
2025-01-12,-0.19537433999999998
2025-01-13,-0.19447641499999999
2025-01-14,-0.19357849
2025-01-15,-0.1924680442857143
2025-01-16,-0.19135759857142856
2025-01-17,-0.19024715285714286
2025-01-18,-0.18913670714285716
2025-01-19,-0.18802626142857146
2025-01-20,-0.18691581571428573
2025-01-21,-0.18580537000000003
2025-01-22,-0.18629681500000003
2025-01-23,-0.18678826
2025-01-24,-0.18727970500000002
2025-01-25,-0.18777115
2025-01-26,-0.188262595
2025-01-27,-0.18875403999999998
2025-01-28,-0.189245485
2025-01-29,-0.1906665157142857
2025-01-30,-0.19208754642857143
2025-01-31,-0.19350857714285713
2025-02-01,-0.19492960785714286
2025-02-02,-0.19635063857142857
2025-02-03,-0.1977716692857143
2025-02-04,-0.1991927
2025-02-05,-0.19937859357142856
2025-02-06,-0.19956448714285716
2025-02-07,-0.19975038071428572
2025-02-08,-0.19993627428571428
2025-02-09,-0.20012216785714285
2025-02-10,-0.20030806142857144
2025-02-11,-0.200493955
2025-02-12,-0.2014868342857143
2025-02-13,-0.20247971357142858
2025-02-14,-0.20347259285714286
2025-02-15,-0.20446547214285712
2025-02-16,-0.2054583514285714
2025-02-17,-0.2064512307142857
2025-02-18,-0.20744411
2025-02-19,-0.20766982928571429
2025-02-20,-0.20789554857142856
2025-02-21,-0.20812126785714286
2025-02-22,-0.20834698714285713
2025-02-23,-0.20857270642857142
2025-02-24,-0.2087984257142857
2025-02-25,-0.209024145
2025-02-26,-0.20898411071428571
2025-02-27,-0.20894407642857143
2025-02-28,-0.20890404214285715
2025-03-01,-0.20886400785714285
2025-03-02,-0.20882397357142857
2025-03-03,-0.2087839392857143
2025-03-04,-0.208743905
2025-03-05,-0.2085942
2025-03-06,-0.208444495
2025-03-07,-0.20829479
2025-03-08,-0.208145085
2025-03-09,-0.20799538
2025-03-10,-0.207845675
2025-03-11,-0.20769597
2025-03-12,-0.2076651457142857
2025-03-13,-0.20763432142857144
2025-03-14,-0.20760349714285714
2025-03-15,-0.20757267285714287
2025-03-16,-0.20754184857142857
2025-03-17,-0.2075110242857143
2025-03-18,-0.2074802
2025-03-19,-0.20739967571428572
2025-03-20,-0.20731915142857144
2025-03-21,-0.20723862714285715
2025-03-22,-0.20715810285714284
2025-03-23,-0.20707757857142856
2025-03-24,-0.20699705428571427
2025-03-25,-0.20691653
2025-03-26,-0.20858563642857142
2025-03-27,-0.21025474285714285
2025-03-28,-0.21192384928571428
2025-03-29,-0.21359295571428571
2025-03-30,-0.21526206214285715
2025-03-31,-0.21693116857142858
2025-04-01,-0.218600275
2025-04-02,-0.21822650071428573
2025-04-03,-0.21785272642857142
2025-04-04,-0.21747895214285715
2025-04-05,-0.21710517785714287
2025-04-06,-0.2167314035714286
2025-04-07,-0.21635762928571428
2025-04-08,-0.215983855
2025-04-09,-0.21525671714285716
2025-04-10,-0.21452957928571428
2025-04-11,-0.21380244142857144
2025-04-12,-0.21307530357142856
2025-04-13,-0.21234816571428572
2025-04-14,-0.21162102785714285
2025-04-15,-0.21089389
2025-04-16,-0.20979018642857142
2025-04-17,-0.20868648285714286
2025-04-18,-0.20758277928571428
2025-04-19,-0.20647907571428573
2025-04-20,-0.20537537214285714
2025-04-21,-0.2042716685714286
2025-04-22,-0.203167965
2025-04-23,-0.20417322571428573
2025-04-24,-0.20517848642857142
2025-04-25,-0.20618374714285714
2025-04-26,-0.20718900785714287
2025-04-27,-0.2081942685714286
2025-04-28,-0.20919952928571428
2025-04-29,-0.21020479
2025-04-30,-0.21073001428571428
2025-05-01,-0.21125523857142858
2025-05-02,-0.21178046285714286
2025-05-03,-0.21230568714285714
2025-05-04,-0.2128309114285714
2025-05-05,-0.21335613571428572
2025-05-06,-0.21388136
2025-05-07,-0.21425342928571428
2025-05-08,-0.21462549857142857
2025-05-09,-0.21499756785714286
2025-05-10,-0.21536963714285715
2025-05-11,-0.21574170642857143
2025-05-12,-0.21611377571428572
2025-05-13,-0.216485845
2025-05-14,-0.21666546642857143
2025-05-15,-0.21684508785714288
2025-05-16,-0.2170247092857143
2025-05-17,-0.21720433071428571
2025-05-18,-0.21738395214285713
2025-05-19,-0.21756357357142858
2025-05-20,-0.217743195
2025-05-21,-0.218749
2025-05-22,-0.219754805
2025-05-23,-0.22076061
2025-05-24,-0.22176641500000002
2025-05-25,-0.22277222000000002
2025-05-26,-0.22377802500000002
2025-05-27,-0.22478383000000002
2025-05-28,-0.22378669285714287
2025-05-29,-0.22278955571428574
2025-05-30,-0.2217924185714286
2025-05-31,-0.22079528142857144
2025-06-01,-0.2197981442857143
2025-06-02,-0.21880100714285716
2025-06-03,-0.21780387
2025-06-04,-0.21679351285714288
2025-06-05,-0.21578315571428572
2025-06-06,-0.21477279857142859
2025-06-07,-0.21376244142857143
2025-06-08,-0.2127520842857143
2025-06-09,-0.21174172714285713
2025-06-10,-0.21073137
2025-06-11,-0.21262252857142858
2025-06-12,-0.21451368714285715
2025-06-13,-0.21640484571428573
2025-06-14,-0.21829600428571427
2025-06-15,-0.22018716285714285
2025-06-16,-0.22207832142857142
2025-06-17,-0.22396948
2025-06-18,-0.22256850357142857
2025-06-19,-0.22116752714285715
2025-06-20,-0.21976655071428572
2025-06-21,-0.21836557428571426
2025-06-22,-0.21696459785714284
2025-06-23,-0.2155636214285714
2025-06-24,-0.21416264499999998
2025-06-25,-0.21449829357142855
2025-06-26,-0.21483394214285714
2025-06-27,-0.2151695907142857
2025-06-28,-0.2155052392857143
2025-06-29,-0.21584088785714287
2025-06-30,-0.21617653642857146
2025-07-01,-0.21651218500000002
2025-07-02,-0.21748132642857146
2025-07-03,-0.21845046785714287
2025-07-04,-0.2194196092857143
2025-07-05,-0.2203887507142857
2025-07-06,-0.22135789214285714
2025-07-07,-0.22232703357142855
2025-07-08,-0.22329617499999999
2025-07-09,-0.22466303714285712
2025-07-10,-0.2260298992857143
2025-07-11,-0.22739676142857143
2025-07-12,-0.22876362357142857
2025-07-13,-0.2301304857142857
2025-07-14,-0.23149734785714288
2025-07-15,-0.23286421000000002
2025-07-16,-0.23272833071428572
2025-07-17,-0.23259245142857143
2025-07-18,-0.23245657214285714
2025-07-19,-0.23232069285714288
2025-07-20,-0.2321848135714286
2025-07-21,-0.2320489342857143
2025-07-22,-0.231913055
2025-07-23,-0.23139846357142857
2025-07-24,-0.23088387214285716
2025-07-25,-0.23036928071428572
2025-07-26,-0.2298546892857143
2025-07-27,-0.22934009785714285
2025-07-28,-0.22882550642857144
2025-07-29,-0.228310915
2025-07-30,-0.22896796857142857
2025-07-31,-0.22962502214285715
2025-08-01,-0.23028207571428572
2025-08-02,-0.23093912928571428
2025-08-03,-0.23159618285714284
2025-08-04,-0.23225323642857143
2025-08-05,-0.23291029
2025-08-06,-0.23344191
2025-08-07,-0.23397352999999999
2025-08-08,-0.23450515
2025-08-09,-0.23503677
2025-08-10,-0.23556839000000002
2025-08-11,-0.23610001
2025-08-12,-0.23663163
2025-08-13,-0.23717733071428573
2025-08-14,-0.23772303142857143
2025-08-15,-0.23826873214285715
2025-08-16,-0.23881443285714285
2025-08-17,-0.23936013357142857
2025-08-18,-0.23990583428571427
2025-08-19,-0.240451535
2025-08-20,-0.24000120357142857
2025-08-21,-0.23955087214285714
2025-08-22,-0.23910054071428571
2025-08-23,-0.2386502092857143
2025-08-24,-0.23819987785714286
2025-08-25,-0.23774954642857143
2025-08-26,-0.237299215
2025-08-27,-0.23704323714285716
2025-08-28,-0.23678725928571429
2025-08-29,-0.23653128142857144
2025-08-30,-0.23627530357142856
2025-08-31,-0.23601932571428572
2025-09-01,-0.23576334785714284
2025-09-02,-0.23550737
2025-09-03,-0.23589018642857143
2025-09-04,-0.23627300285714284
2025-09-05,-0.23665581928571428
2025-09-06,-0.2370386357142857
2025-09-07,-0.23742145214285715
2025-09-08,-0.23780426857142856
2025-09-09,-0.238187085
2025-09-10,-0.2382022207142857
2025-09-11,-0.23821735642857142
2025-09-12,-0.23823249214285713
2025-09-13,-0.23824762785714285
2025-09-14,-0.23826276357142856
2025-09-15,-0.23827789928571427
2025-09-16,-0.238293035
2025-09-17,-0.23803293785714286
2025-09-18,-0.2377728407142857
2025-09-19,-0.23751274357142857
2025-09-20,-0.2372526464285714
2025-09-21,-0.23699254928571428
2025-09-22,-0.23673245214285712
2025-09-23,-0.236472355
2025-09-24,-0.23699687785714285
2025-09-25,-0.2375214007142857
2025-09-26,-0.23804592357142856
2025-09-27,-0.23857044642857142
2025-09-28,-0.23909496928571428
2025-09-29,-0.23961949214285713
2025-09-30,-0.240144015
2025-10-01,-0.24163322785714283
2025-10-02,-0.2431224407142857
2025-10-03,-0.24461165357142856
2025-10-04,-0.24610086642857143
2025-10-05,-0.24759007928571428
2025-10-06,-0.24907929214285715
2025-10-07,-0.250568505
2025-10-08,-0.25105487857142855
2025-10-09,-0.25154125214285716
2025-10-10,-0.2520276257142857
2025-10-11,-0.2525139992857143
2025-10-12,-0.25300037285714283
2025-10-13,-0.25348674642857144
2025-10-14,-0.25397312
2025-10-15,-0.255761075
2025-10-16,-0.25754903
2025-10-17,-0.259336985
2025-10-18,-0.26112493999999997
2025-10-19,-0.262912895
2025-10-20,-0.26470085
2025-10-21,-0.266488805
2025-10-22,-0.26755095285714287
2025-10-23,-0.26861310071428574
2025-10-24,-0.2696752485714286
2025-10-25,-0.2707373964285714
2025-10-26,-0.2717995442857143
2025-10-27,-0.27286169214285716
2025-10-28,-0.27392384000000003
2025-10-29,-0.27404448642857143
2025-10-30,-0.2741651328571429
2025-10-31,-0.2742857792857143
2025-11-01,-0.27440642571428575
2025-11-02,-0.27452707214285715
2025-11-03,-0.2746477185714286
2025-11-04,-0.274768365
2025-11-05,-0.277108945
2025-11-06,-0.27944952500000003
2025-11-07,-0.281790105
2025-11-08,-0.284130685
2025-11-09,-0.286471265
2025-11-10,-0.288811845
2025-11-11,-0.291152425
2025-11-12,-0.2920947
2025-11-13,-0.293036975
2025-11-14,-0.29397924999999997
2025-11-15,-0.294921525
2025-11-16,-0.2958638
2025-11-17,-0.296806075
2025-11-18,-0.29774835
2025-11-19,-0.2997192814285714
2025-11-20,-0.30169021285714287
2025-11-21,-0.3036611442857143
2025-11-22,-0.3056320757142857
2025-11-23,-0.3076030071428571
2025-11-24,-0.30957393857142856
2025-11-25,-0.31154487
2025-11-26,-0.3116373507142857
2025-11-27,-0.3117298314285714
2025-11-28,-0.31182231214285716
2025-11-29,-0.31191479285714285
2025-11-30,-0.3120072735714286
2025-12-01,-0.3120997542857143
2025-12-02,-0.31219223500000004
2025-12-03,-0.31456949642857146
2025-12-04,-0.3169467578571429
2025-12-05,-0.3193240192857143
2025-12-06,-0.3217012807142857
2025-12-07,-0.32407854214285714
2025-12-08,-0.32645580357142856
2025-12-09,-0.328833065
2025-12-10,-0.32921694571428567
2025-12-11,-0.3296008264285714
2025-12-12,-0.3299847071428571
2025-12-13,-0.33036858785714285
2025-12-14,-0.33075246857142854
2025-12-15,-0.3311363492857143
2025-12-16,-0.33152022999999997
2025-12-17,-0.332538495
2025-12-18,-0.33355675999999995
2025-12-19,-0.33457502499999997
2025-12-20,-0.33559329
2025-12-21,-0.336611555
2025-12-22,-0.33762981999999997
2025-12-23,-0.338648085
2025-12-24,-0.33944439
2025-12-25,-0.340240695
2025-12-26,-0.341037
2025-12-27,-0.34183330500000003
2025-12-28,-0.34262961000000003
2025-12-29,-0.343425915
2025-12-30,-0.34422222
2025-12-31,-0.3454015135714286
2026-01-01,-0.34658080714285716
2026-01-02,-0.34776010071428576
2026-01-03,-0.3489393942857143
2026-01-04,-0.3501186878571429
2026-01-05,-0.35129798142857144
2026-01-06,-0.35247727500000003
2026-01-07,-0.35454917
2026-01-08,-0.356621065
2026-01-09,-0.35869296
2026-01-10,-0.36076485500000005
2026-01-11,-0.36283675000000004
2026-01-12,-0.36490864500000003
2026-01-13,-0.36698054
2026-01-14,-0.36644134857142857
2026-01-15,-0.3659021571428572
2026-01-16,-0.3653629657142857
2026-01-17,-0.36482377428571433
2026-01-18,-0.3642845828571429
2026-01-19,-0.3637453914285715
2026-01-20,-0.36320620000000003
2026-01-21,-0.36397260642857143
2026-01-22,-0.3647390128571429
2026-01-23,-0.3655054192857143
2026-01-24,-0.36627182571428574
2026-01-25,-0.36703823214285713
2026-01-26,-0.3678046385714286
2026-01-27,-0.368571045
2026-01-28,-0.3713955471428571
2026-01-29,-0.3742200492857143
2026-01-30,-0.3770445514285714
2026-01-31,-0.3798690535714286
2026-02-01,-0.3826935557142857
2026-02-02,-0.3855180578571429
2026-02-03,-0.38834256
2026-02-04,-0.3869222742857143
2026-02-05,-0.3855019885714286
2026-02-06,-0.3840817028571429
2026-02-07,-0.3826614171428571
2026-02-08,-0.3812411314285714
2026-02-09,-0.3798208457142857
2026-02-10,-0.37840056
